population,reagent,Condition,median,variance
pDCs,pSTAT4,CD40L,9.950536727905273,47.34788111614013
CD8+T cells,pSTAT5,IFNa2,18.470229148864746,87.81711588922319
Neutrophils,pSTAT1,GM-CSF,30.513125896453857,364.6639565885899
CD1c+ B cells,pSTAT1,Basal,12.533693075180054,NaN
pDCs,pSTAT6,IL-12,8.19987154006958,54.37853381779707
CD11b+/CD16-,pCREB,Ebola VLPs,50.59704303741455,602.4013697273765
CD7+/HLA-DR-,pCREB,IL-12,22.246949672698975,135.735475247234
Basophils,pSTAT4,PMAIono,9.235279083251953,34.03655335501397
CD1c+ B cells,pSTAT3,IFNb,71.56204986572266,NaN
CD4+T cells,pSTAT5,GM-CSF,12.463162660598755,60.498747248782244
Basophils,pSTAT6,IL-4,7.48922860622406,30.16949974941928
CD4+T cells,pSTAT6,IFNa2,6.561795711517334,18.2200331093393
CD16+/CD11b-,pErk1/2,GM-CSF,114.45439529418945,2054.515392907949
CD4+T cells,pSTAT6,IL-12,4.930100798606873,17.392654519885127
CD8+T cells,pSTAT1,IL-2,17.57089614868164,80.67636196896567
B Cells,pSTAT3,Ebola VLPs,38.23704528808594,2214.4391495234413
pDCs,pS6,IL-2,65.33057594299316,1155.0794718506954
CD4+/CD8+,pTBK1,GM-CSF,8.543242454528809,NaN
CD7+/HLA-DR-,pCREB,Ebola VLPs,21.603069305419922,128.56806157859322
CD11b+/CD16-,pZap70/Syk,IL-12,5.649126291275024,9.387728653672665
pDCs,Ki67,IL-4,26.91191005706787,336.3100675063519
Neutrophils,pErk1/2,IL-2,86.85623931884766,1930.8288157884658
CD8+T cells,pSTAT4,IFNa2,14.964515447616577,42.66278065870081
Neutrophils,pS6,Ebola VLPs,47.899027824401855,599.8278559815933
CD4+/CD8+,pTBK1,R848,8.885096549987793,NaN
Basophils,pSTAT1,Ebola VLPs,26.815621376037598,249.6939945448695
pDCs,pSTAT6,IL-4,83.2970027923584,1011.2683525209038
CD11b-/CD16-,p4E-BP1,TNFa,45.34720993041992,266.5286485863915
CD16+/CD11b+,pMAPKAPK2,PMAIono,17.025938034057617,54.97400481516034
CD11b+/CD16-,pSTAT1,R848,47.622352600097656,882.5308580753318
CD1c+ B cells,pPLCg2,LPS,9.54965603351593,NaN
CD11b+/CD16-,pMAPKAPK2,IL-6,14.168700695037842,30.97743069066504
CD7+/HLA-DR-,pZap70/Syk,IL-4,3.890137553215027,4.127394486448188
CD7+/HLA-DR-,pErk1/2,TNFa,25.714436531066895,264.94848788380665
CD1c+ B cells,pPLCg2,IL-2,11.653793334960938,NaN
CD16+/CD11b-,pS6,IFNg,73.72211265563965,1312.0757144319784
Basophils,pZap70/Syk,Ebola VLPs,3.0020534992218018,2.772819660905331
CD11b+/CD16-,pSTAT6,Basal,7.915326714515686,52.05063471609024
CD7+/HLA-DR-,pSTAT3,IL-4,59.31857490539551,3469.751834671222
CD11b-/CD16-,pTBK1,Basal,12.865332841873169,81.83259364188372
Neutrophils,p4E-BP1,IFNb,6.832525253295898,7.256196538230989
CD4+T cells,pSTAT3,GM-CSF,43.204468727111816,2323.7399962988197
CD1c+ B cells,pErk1/2,CD40L,40.47420310974121,NaN
CD11b+/CD16-,IkBa,LPS,5.247254133224487,7.068398785040575
CD11b-/CD16-,pS6,TNFa,74.30019187927246,1372.74298770722
CD16+/CD11b+,pP38,LPS,33.811827659606934,435.0895201980084
CD8+T cells,pErk1/2,IL-4,26.500904083251953,210.95283835002726
CD4+T cells,pSTAT5,IL-4,14.562389373779297,70.56688272856296
CD8+T cells,pPLCg2,IFNa2,5.6826008558273315,11.090104656121133
CD11b+/CD16-,pPLCg2,IL-6,12.385286808013916,62.46446402704813
CD11b+/CD16-,pMAPKAPK2,Basal,13.631632566452026,29.22926800415078
CD11b-/CD16-,pPLCg2,IL-4,9.81072473526001,33.52178615383929
CD4+T cells,Ki67,Ebola VLPs,16.664818286895752,99.27268952406128
CD4+T cells,pErk1/2,Basal,27.623074531555176,218.57639225604774
CD8+T cells,pSTAT5,IL-6,13.248031616210938,61.81075281623556
CD11b+/CD16-,pCREB,IFNa2,50.06598472595215,566.3360406257717
CD7+/HLA-DR-,pP38,CD40L,11.076796531677246,43.43387421537291
Basophils,pMAPKAPK2,IL-4,7.670320510864258,13.142372515642982
CD1c+ B cells,pP38,IFNa2,25.475205898284912,NaN
CD8+T cells,pS6,IL-4,44.94730091094971,447.5350030567959
pDCs,pSTAT1,IFNa2,43.879300117492676,579.0368181761796
CD1c+ B cells,pMAPKAPK2,Anthrax,9.105221629142761,NaN
pDCs,pS6,Ebola VLPs,65.73989295959473,1072.856417869457
pDCs,pCREB,IL-4,26.324973106384277,211.30871932756733
CD16+/CD11b+,pSTAT4,IFNa2,17.539633750915527,143.9920226304164
CD16+/CD11b-,pSTAT3,PMAIono,65.7700366973877,4668.754600659537
CD16+/CD11b-,pSTAT3,GM-CSF,68.12073516845703,4727.869533484378
CD4+/CD8+,pP38,Basal,19.92841911315918,NaN
CD16+/CD11b-,IkBa,GM-CSF,4.6792973279953,4.593538561681397
B Cells,pErk1/2,GM-CSF,26.34237813949585,176.2468213027314
B Cells,pSTAT3,GM-CSF,37.9195032119751,2141.4406378038843
CD1c+ B cells,pSTAT5,IL-4,20.800010681152344,NaN
CD11b+/CD16-,pSTAT1,IFNg,79.21714401245117,1556.433387337514
CD4+T cells,IkBa,PMAIono,6.3448326587677,9.24393610097983
CD4+T cells,pPLCg2,IFNa2,5.336452603340149,10.098767149591291
CD7+/HLA-DR-,pSTAT5,TNFa,10.172285795211792,54.392040981935466
CD1c+ B cells,pS6,LPS,63.539560317993164,NaN
CD11b-/CD16-,pSTAT1,Ebola VLPs,28.4220232963562,440.6279304704846
Neutrophils,pZap70/Syk,R848,8.051953077316284,6.29519375962393
CD1c+ B cells,pTBK1,LPS,16.703679084777832,NaN
CD11b-/CD16-,pPLCg2,IFNa2,9.975440502166748,36.9186417729737
CD11b-/CD16-,pPLCg2,IL-2,9.640836715698242,34.97813329920685
CD4+/CD8+,pMAPKAPK2,IFNb,8.638896942138672,NaN
pDCs,pPLCg2,IFNa2,9.675155639648438,24.30445438492715
Basophils,Ki67,CD40L,17.396212577819824,89.02340553654247
B Cells,pS6,IFNb,44.557607650756836,368.1354580552787
CD4+T cells,pMAPKAPK2,IFNg,5.947296142578125,7.833129872317179
CD16+/CD11b+,pS6,LPS,83.69009780883789,3289.4688431755667
CD1c+ B cells,p4E-BP1,CD40L,33.61374282836914,NaN
Neutrophils,pCREB,Anthrax,26.338332176208496,151.60799512845207
CD16+/CD11b+,pSTAT3,IFNa2,121.94143676757812,8926.7053400128
CD11b+/CD16-,p4E-BP1,R848,31.875367164611816,114.700815370176
CD1c+ B cells,pSTAT1,CD40L,13.594603300094604,NaN
B Cells,pS6,R848,45.428587913513184,350.4773834192703
CD11b+/CD16-,pZap70/Syk,IFNg,5.607110023498535,8.332165643957607
CD16+/CD11b-,pSTAT4,IL-2,13.336719512939453,65.67276196045766
CD11b+/CD16-,pErk1/2,IFNa2,73.86160850524902,1709.0710295477568
CD1c+ B cells,pP38,IFNg,25.45470905303955,NaN
CD11b-/CD16-,IkBa,IL-4,11.008012056350708,32.64773173717878
CD11b-/CD16-,IkBa,IFNb,10.046589374542236,30.051016189950197
CD16+/CD11b+,pMAPKAPK2,IL-2,15.124190330505371,38.592274804893925
CD16+/CD11b+,pTBK1,IL-12,14.547847986221313,262.3697635795155
CD7+/HLA-DR-,pSTAT5,IL-6,10.027247905731201,49.99637547326239
B Cells,pPLCg2,IL-4,6.717995047569275,11.735882210534932
CD1c+ B cells,IkBa,IFNg,12.50701379776001,NaN
B Cells,pP38,LPS,17.296584129333496,88.3052602998811
pDCs,p4E-BP1,PMAIono,37.26204586029053,185.79648009918665
CD1c+ B cells,pSTAT1,Anthrax,12.715195298194885,NaN
CD1c+ B cells,IkBa,TNFa,10.619856595993042,NaN
CD4+/CD8+,pTBK1,IFNg,8.53532600402832,NaN
CD1c+ B cells,Ki67,CD40L,22.308008193969727,NaN
CD16+/CD11b-,pTBK1,IL-2,13.911676406860352,118.36573765105513
CD4+/CD8+,pS6,IFNb,76.21751403808594,NaN
CD11b-/CD16-,pZap70/Syk,IL-4,5.348735928535461,6.309022819819797
CD7+/HLA-DR-,p4E-BP1,IL-12,6.341427326202393,5.050399221785251
CD16+/CD11b+,p4E-BP1,Basal,34.44941711425781,149.3983000571961
Basophils,pS6,CD40L,47.57566547393799,653.0561493593211
B Cells,pSTAT3,Anthrax,43.56497669219971,2460.928752298397
CD1c+ B cells,Ki67,PMAIono,26.338228225708008,NaN
CD7+/HLA-DR-,pSTAT1,Basal,5.733133912086487,12.282525505710689
CD16+/CD11b-,pSTAT5,GM-CSF,103.15410614013672,1039.6774384607556
B Cells,pP38,IL-2,17.617663383483887,86.13952408759235
pDCs,pTBK1,Ebola VLPs,11.72581171989441,89.48511473568466
CD16+/CD11b-,pErk1/2,PMAIono,82.88862609863281,1797.7984792647794
CD4+/CD8+,pTBK1,CD40L,8.84968376159668,63.88842292367303
CD16+/CD11b+,pTBK1,R848,360.1044921875,42591.925804746126
CD4+/CD8+,pTBK1,Basal,8.744285583496094,NaN
Neutrophils,pP38,R848,23.743343353271484,92.51543105539261
CD11b+/CD16-,pSTAT1,IL-2,44.822601318359375,779.895537578822
Basophils,pS6,R848,48.097381591796875,501.05877374661895
CD1c+ B cells,pS6,IL-4,65.59769058227539,NaN
pDCs,pTBK1,R848,13.489686965942383,143.58053757230465
CD7+/HLA-DR-,pSTAT5,IFNb,13.085302352905273,64.25388499109457
pDCs,Ki67,IFNb,25.336341857910156,347.88074352539894
CD16+/CD11b-,pErk1/2,IL-6,54.0313663482666,950.8280736227655
CD7+/HLA-DR-,pSTAT1,IFNa2,10.686577796936035,29.340324012314206
CD1c+ B cells,pPLCg2,IFNg,8.846503257751465,NaN
CD1c+ B cells,pSTAT6,LPS,9.057765007019043,NaN
CD4+/CD8+,pSTAT6,GM-CSF,5.386779069900513,NaN
CD11b-/CD16-,pTBK1,IL-12,12.035478115081787,86.60362581405168
Basophils,pCREB,TNFa,32.24991989135742,277.76845587385407
Basophils,pTBK1,IL-4,11.462757587432861,76.80521402901194
Basophils,pTBK1,IFNb,11.665168762207031,73.8024952059047
CD8+T cells,pSTAT5,Ebola VLPs,11.463425159454346,54.094342870694014
pDCs,pCREB,IL-12,23.87421464920044,197.5876541107623
CD7+/HLA-DR-,p4E-BP1,Ebola VLPs,6.1880433559417725,4.2715990627671205
CD11b-/CD16-,pSTAT5,GM-CSF,81.91791915893555,999.1789546281128
CD11b-/CD16-,pCREB,GM-CSF,49.750948905944824,602.7615559743022
CD4+T cells,pSTAT6,Ebola VLPs,4.857205748558044,13.994690755282782
CD16+/CD11b+,pSTAT4,IFNg,18.656832695007324,143.0598301987089
CD1c+ B cells,pZap70/Syk,IFNb,5.996715724468231,NaN
Neutrophils,pSTAT4,Basal,7.550693511962891,28.584818952978114
CD1c+ B cells,IkBa,GM-CSF,11.75842547416687,NaN
CD4+T cells,pP38,IFNa2,14.478019714355469,53.84915806903176
CD11b-/CD16-,Ki67,GM-CSF,35.204426765441895,455.5435539544277
CD1c+ B cells,pSTAT4,IL-4,10.430129051208496,NaN
CD11b-/CD16-,pSTAT1,IFNg,40.437310218811035,488.81469736928267
B Cells,pSTAT4,CD40L,8.936266899108887,18.952225383798368
CD1c+ B cells,pMAPKAPK2,IL-2,9.794390678405762,NaN
pDCs,p4E-BP1,Anthrax,40.54961967468262,196.36235608534813
Basophils,Ki67,IL-4,17.16604995727539,81.76089323803649
CD16+/CD11b-,pSTAT3,IL-2,66.10037040710449,4276.940204191538
CD16+/CD11b+,pSTAT6,PMAIono,7.595632553100586,76.61717464303882
CD1c+ B cells,pP38,CD40L,33.89696168899536,NaN
CD4+T cells,pZap70/Syk,CD40L,4.719353914260864,1.9973187578724143
CD7+/HLA-DR-,pMAPKAPK2,IL-2,5.754525899887085,9.998637596657726
CD11b-/CD16-,pPLCg2,IFNb,9.729039907455444,38.900567682155774
B Cells,pSTAT1,LPS,5.751968145370483,10.35022745867341
Neutrophils,pMAPKAPK2,IL-12,7.045110702514648,14.223856377055505
CD4+/CD8+,pSTAT4,IFNb,21.816844940185547,NaN
CD16+/CD11b-,p4E-BP1,CD40L,19.702106475830078,63.337193794025936
pDCs,pCREB,TNFa,36.39441394805908,405.49351196984287
CD7+/HLA-DR-,pSTAT4,Basal,5.984165549278259,11.855558666442066
Neutrophils,IkBa,IL-6,2.333387076854706,1.0890121225643588
CD7+/HLA-DR-,pSTAT5,PMAIono,10.270090103149414,55.601791133066335
Basophils,pS6,IL-4,48.1876220703125,546.8924856636002
CD16+/CD11b+,pErk1/2,LPS,100.82394027709961,3157.825326954183
B Cells,pSTAT6,IFNb,15.93018102645874,48.29869151208751
Basophils,Ki67,Ebola VLPs,17.170412063598633,80.57879989284343
CD16+/CD11b+,pSTAT5,IFNa2,33.26027297973633,500.38872649627103
pDCs,pPLCg2,CD40L,9.687559604644775,33.15538888765582
CD4+/CD8+,p4E-BP1,Basal,9.667674779891968,NaN
Basophils,pPLCg2,LPS,6.902990818023682,11.769370835034167
CD4+/CD8+,pSTAT5,IFNg,18.987183570861816,NaN
pDCs,p4E-BP1,IFNb,38.912458419799805,209.39185873151695
CD1c+ B cells,pSTAT3,CD40L,58.89978790283203,NaN
CD1c+ B cells,pSTAT5,CD40L,18.60886526107788,NaN
CD4+/CD8+,pS6,LPS,74.98941040039062,NaN
pDCs,pSTAT1,Basal,19.0630521774292,169.91642737458187
CD4+T cells,pSTAT6,IL-4,46.838178634643555,287.75083177478786
pDCs,p4E-BP1,IL-2,39.72538948059082,188.4024175265612
CD16+/CD11b-,p4E-BP1,IL-4,19.87676429748535,55.710365978602056
CD4+T cells,pP38,GM-CSF,14.121861457824707,51.106819196937025
CD8+T cells,pZap70/Syk,Anthrax,4.529445171356201,1.7125480673514797
Neutrophils,pSTAT5,IL-12,15.393273830413818,129.53534346759346
CD1c+ B cells,pTBK1,IL-4,16.541593551635742,NaN
CD8+T cells,pTBK1,CD40L,6.570027232170105,27.340363847080088
Neutrophils,pSTAT6,Basal,3.863114893436432,14.803248503080598
B Cells,p4E-BP1,TNFa,25.39427375793457,25.393458390638493
Basophils,pSTAT3,TNFa,50.79373836517334,4014.4633903886315
pDCs,pSTAT6,GM-CSF,11.88614797592163,NaN
CD7+/HLA-DR-,pS6,Basal,40.53011989593506,525.2259969224533
CD11b+/CD16-,pP38,IFNb,18.25913143157959,133.92870357463647
Basophils,pP38,R848,10.921104431152344,32.25084809604639
CD16+/CD11b+,pSTAT6,Basal,8.243966102600098,59.52404127626812
CD11b+/CD16-,pZap70/Syk,TNFa,5.761192798614502,8.667379869204234
CD11b-/CD16-,pSTAT6,GM-CSF,9.381107330322266,43.10627838494381
Neutrophils,IkBa,IL-2,2.5223076343536377,1.3667224705054868
CD16+/CD11b-,p4E-BP1,LPS,17.505441665649414,50.54264287964033
Basophils,pS6,GM-CSF,52.19323539733887,565.5740141776236
CD1c+ B cells,p4E-BP1,GM-CSF,33.55576753616333,NaN
Neutrophils,pSTAT4,R848,8.070163488388062,24.167697262603607
CD16+/CD11b-,pCREB,PMAIono,51.133009910583496,700.5855841895981
CD7+/HLA-DR-,pTBK1,Ebola VLPs,7.564163684844971,34.54442533749349
CD11b+/CD16-,p4E-BP1,GM-CSF,32.66170597076416,138.51510492092103
CD11b-/CD16-,pZap70/Syk,GM-CSF,5.174671649932861,6.505847723137813
pDCs,pCREB,IFNg,26.33101749420166,182.05980290154912
Basophils,IkBa,IL-12,5.80890953540802,6.732910130491893
CD4+T cells,pZap70/Syk,IL-12,4.774637579917908,2.197538223145493
B Cells,IkBa,Ebola VLPs,4.995699524879456,9.357073602408242
Basophils,pTBK1,Basal,11.400337934494019,77.25983019789666
CD1c+ B cells,pCREB,GM-CSF,24.3734073638916,NaN
CD11b-/CD16-,pPLCg2,Anthrax,10.519344329833984,40.21194483037778
CD11b+/CD16-,pCREB,IFNg,52.149027824401855,664.1937382194587
CD11b-/CD16-,p4E-BP1,IL-2,45.61036205291748,250.76056548400425
pDCs,pPLCg2,IL-2,9.397291421890259,28.680927564667506
CD16+/CD11b-,pZap70/Syk,R848,8.047904968261719,12.959192443766481
CD4+/CD8+,pTBK1,Ebola VLPs,8.678391933441162,NaN
CD11b+/CD16-,pP38,IFNg,20.462896823883057,135.89325907702576
pDCs,pErk1/2,IL-6,34.07787227630615,563.8531966382461
B Cells,pErk1/2,R848,27.98087501525879,200.24107802753431
CD16+/CD11b+,pSTAT3,TNFa,122.74383163452148,9178.438673290042
B Cells,pZap70/Syk,TNFa,3.984949469566345,3.6259102658057367
CD4+/CD8+,pSTAT4,CD40L,7.8541765213012695,28.04746714628451
CD4+T cells,pSTAT4,IFNb,16.35856008529663,54.54117442202022
B Cells,pSTAT6,IFNa2,11.225419044494629,32.38457800883386
CD7+/HLA-DR-,pTBK1,IFNb,7.466603398323059,33.979454370172256
CD8+T cells,IkBa,LPS,5.225303053855896,8.351004776930198
Neutrophils,pSTAT1,IFNb,32.939764976501465,406.3875476740626
CD7+/HLA-DR-,IkBa,IFNa2,5.094258904457092,6.7334463803513716
Neutrophils,Ki67,IL-12,10.431981325149536,65.56940578793142
CD11b+/CD16-,pSTAT5,LPS,18.632502555847168,242.3114235310007
CD16+/CD11b+,pErk1/2,IL-6,82.19684982299805,2060.794564418002
CD1c+ B cells,pSTAT1,IFNb,27.767516613006592,NaN
CD16+/CD11b-,pCREB,IFNa2,40.00333309173584,376.3259916445674
CD8+T cells,pPLCg2,GM-CSF,5.62004554271698,10.51405319756936
CD1c+ B cells,pSTAT6,IL-4,73.60233116149902,NaN
CD4+T cells,pMAPKAPK2,TNFa,6.139509916305542,7.752188713729975
CD1c+ B cells,IkBa,R848,10.323948860168457,NaN
CD11b-/CD16-,pSTAT4,GM-CSF,13.382982730865479,54.42662019836149
CD4+T cells,p4E-BP1,TNFa,8.999428033828735,6.379456596520187
CD4+/CD8+,pSTAT3,LPS,87.46183013916016,NaN
B Cells,pPLCg2,IL-12,7.444034695625305,15.899454968342566
CD8+T cells,pMAPKAPK2,IFNb,5.617265105247498,7.660441295402676
Neutrophils,Ki67,GM-CSF,9.810377359390259,49.555811224896686
CD7+/HLA-DR-,IkBa,IFNb,5.102000594139099,6.52942009569293
CD8+T cells,pMAPKAPK2,TNFa,6.183040618896484,8.030683609613918
CD4+T cells,Ki67,IL-4,16.789747714996338,103.12779118799357
CD4+/CD8+,pSTAT5,Basal,18.48176670074463,NaN
CD16+/CD11b+,pSTAT1,CD40L,61.871992111206055,1530.1124814039806
CD8+T cells,pSTAT6,Basal,4.118146777153015,10.489851551584136
CD8+T cells,IkBa,PMAIono,4.9906086921691895,6.55732036673472
CD16+/CD11b+,pCREB,TNFa,63.77448558807373,931.6110438334879
CD16+/CD11b+,pS6,Ebola VLPs,87.24361801147461,2579.2609069283894
CD16+/CD11b-,pS6,CD40L,68.23765754699707,1245.489300324335
CD11b+/CD16-,pS6,IFNb,77.00736999511719,1743.6541684599354
CD4+T cells,IkBa,IL-2,6.541803598403931,12.0070343046086
CD4+/CD8+,pMAPKAPK2,TNFa,9.14347791671753,NaN
CD11b+/CD16-,pErk1/2,GM-CSF,125.59182548522949,2383.4924969608637
CD16+/CD11b-,pTBK1,TNFa,51.23035526275635,545.0691979005668
Basophils,Ki67,LPS,17.05244207382202,81.26047829345268
CD1c+ B cells,pP38,IL-12,25.87633514404297,NaN
CD4+T cells,p4E-BP1,IFNg,9.35596489906311,6.006722062560576
B Cells,pSTAT3,IFNa2,41.08235740661621,2339.6801724618163
Basophils,pMAPKAPK2,CD40L,7.802797794342041,13.700701666106958
CD4+T cells,p4E-BP1,PMAIono,9.523394107818604,7.343273966082898
CD4+T cells,pCREB,Anthrax,18.888340950012207,79.10661816153697
CD11b-/CD16-,IkBa,Basal,11.11515188217163,38.86885466317204
CD8+T cells,pPLCg2,IL-12,5.959181070327759,12.650266848188927
CD7+/HLA-DR-,pCREB,GM-CSF,21.751590251922607,122.47020786478146
B Cells,pSTAT1,TNFa,5.706292748451233,8.67069205737742
CD4+T cells,pErk1/2,PMAIono,36.13728046417236,468.2989320967788
CD1c+ B cells,pMAPKAPK2,R848,9.108898639678955,NaN
Basophils,pCREB,Basal,31.870460033416748,251.07093989924752
CD7+/HLA-DR-,pZap70/Syk,PMAIono,3.889322578907013,4.130948238918102
pDCs,pSTAT4,PMAIono,10.38073205947876,44.4020349346036
CD16+/CD11b+,pSTAT4,Anthrax,17.135486125946045,160.2593574726343
CD4+/CD8+,pZap70/Syk,IL-12,6.524400115013123,NaN
CD4+/CD8+,p4E-BP1,IFNb,9.254566669464111,NaN
Basophils,pSTAT5,TNFa,25.75341510772705,169.4778994836074
CD16+/CD11b-,pPLCg2,Ebola VLPs,15.415621519088745,91.44241326815009
Neutrophils,pZap70/Syk,IL-4,8.348863124847412,6.635241991907206
CD4+T cells,pSTAT4,IL-4,7.071912527084351,16.806895646911293
CD11b-/CD16-,pSTAT5,R848,16.89074420928955,149.2476778614505
Neutrophils,pS6,TNFa,51.433977127075195,681.5112205821655
CD11b+/CD16-,pCREB,Basal,51.4799222946167,588.7169689687814
CD1c+ B cells,pSTAT3,LPS,61.33048439025879,NaN
Basophils,pCREB,IL-6,32.49272632598877,242.7736850147559
CD7+/HLA-DR-,pTBK1,Anthrax,7.915784001350403,37.236822045916476
B Cells,pZap70/Syk,Anthrax,4.201132416725159,4.424463899138844
CD16+/CD11b+,Ki67,IL-6,22.860949516296387,270.7488852499768
pDCs,pP38,IL-12,19.611270904541016,200.59350053375096
CD11b-/CD16-,pCREB,PMAIono,45.6789493560791,731.0296376581684
pDCs,IkBa,IL-6,10.563393592834473,28.535789484053808
Neutrophils,pTBK1,IL-2,4.6883227825164795,19.232488428365077
CD4+T cells,pSTAT5,IFNb,46.131099700927734,277.98049000829013
Neutrophils,pZap70/Syk,CD40L,8.497734069824219,6.368367105948362
CD1c+ B cells,pMAPKAPK2,LPS,8.591835379600525,NaN
Basophils,pTBK1,IL-12,11.683826446533203,85.58619992458055
CD1c+ B cells,pSTAT5,IL-6,20.747663974761963,NaN
CD11b-/CD16-,pSTAT3,IFNg,62.29827308654785,3193.423586874102
CD11b-/CD16-,pMAPKAPK2,IFNg,11.052537202835083,21.168780708076774
Neutrophils,pSTAT3,IFNg,58.66495704650879,3631.811181838144
CD4+T cells,pErk1/2,IL-4,28.42478847503662,224.97293032576584
Neutrophils,Ki67,TNFa,10.306707382202148,61.51379587761559
CD11b+/CD16-,pMAPKAPK2,LPS,19.530057430267334,62.623343815304295
CD11b-/CD16-,pZap70/Syk,IFNb,5.043182611465454,6.560918163710173
pDCs,pPLCg2,Basal,9.832422256469727,27.377678646260982
pDCs,pTBK1,CD40L,10.647918224334717,103.94396390265109
Basophils,IkBa,IL-2,6.108610153198242,7.654408754187174
B Cells,pErk1/2,Basal,25.826411247253418,176.94684499707398
Neutrophils,pTBK1,IFNg,4.667158126831055,20.865709972288364
CD4+T cells,pPLCg2,Basal,5.241321444511414,9.140629198994455
CD8+T cells,pZap70/Syk,CD40L,4.443367958068848,1.6513012694160325
CD8+T cells,Ki67,Ebola VLPs,12.903516054153442,69.91470158408802
CD8+T cells,pErk1/2,Ebola VLPs,25.90726613998413,204.27975741730492
CD8+T cells,pSTAT5,TNFa,11.572344779968262,57.782378558057665
CD16+/CD11b-,Ki67,R848,16.787327766418457,149.87537996537887
CD8+T cells,IkBa,TNFa,2.602910041809082,2.3621895316278003
CD16+/CD11b+,pZap70/Syk,R848,8.199563980102539,21.344342183372916
CD11b+/CD16-,IkBa,TNFa,4.98572838306427,7.233236810212579
Neutrophils,p4E-BP1,IL-2,7.467348098754883,8.651254369806944
CD7+/HLA-DR-,pPLCg2,Ebola VLPs,6.252106189727783,15.89582293656015
CD4+/CD8+,pErk1/2,Ebola VLPs,45.70203971862793,NaN
CD11b-/CD16-,pSTAT3,GM-CSF,64.77774810791016,3914.3519985314138
CD8+T cells,pPLCg2,LPS,5.74848210811615,11.098608871204616
pDCs,p4E-BP1,R848,41.20581340789795,190.50171727968367
CD7+/HLA-DR-,pPLCg2,R848,6.32441258430481,16.309456593900904
CD16+/CD11b+,pMAPKAPK2,IFNa2,15.06559133529663,43.42415998661326
pDCs,pSTAT4,IL-4,10.101316928863525,41.216536909886955
CD16+/CD11b+,pSTAT6,IL-6,7.7603055238723755,67.0819375200506
CD1c+ B cells,pPLCg2,Anthrax,9.866425633430481,NaN
CD4+T cells,p4E-BP1,IFNb,8.805828094482422,6.138912174498358
CD8+T cells,pS6,Anthrax,46.16253089904785,474.7443275732534
B Cells,p4E-BP1,Ebola VLPs,25.019386291503906,24.561276251900782
B Cells,p4E-BP1,CD40L,24.594480991363525,22.90782289091333
CD7+/HLA-DR-,IkBa,PMAIono,4.816640138626099,5.782367695611793
pDCs,pPLCg2,IL-4,9.659072399139404,26.845419924785254
Basophils,pErk1/2,IFNg,31.362590789794922,431.30691377946806
CD1c+ B cells,pMAPKAPK2,PMAIono,11.935685157775879,NaN
B Cells,pSTAT3,IL-12,45.57590389251709,2555.856019900756
CD4+/CD8+,IkBa,Ebola VLPs,6.484346985816956,NaN
CD16+/CD11b-,pSTAT3,Ebola VLPs,64.108962059021,4434.563605918043
CD4+T cells,pErk1/2,Anthrax,28.493781089782715,235.21921081970046
pDCs,pSTAT5,GM-CSF,73.00645065307617,NaN
CD7+/HLA-DR-,pP38,IL-6,10.770350694656372,40.52131665133
B Cells,pErk1/2,Anthrax,27.927692890167236,225.95038723709538
CD8+T cells,pSTAT6,Ebola VLPs,4.052499294281006,10.024644803860566
CD1c+ B cells,pS6,Basal,62.760725021362305,NaN
CD16+/CD11b-,pMAPKAPK2,IL-2,12.322746276855469,21.81075713451115
CD4+T cells,Ki67,IFNb,16.444654941558838,106.94403742225012
CD7+/HLA-DR-,pP38,PMAIono,11.47089409828186,49.53137908791289
CD7+/HLA-DR-,Ki67,IL-4,11.512902975082397,46.360850286146565
B Cells,pErk1/2,IFNg,26.29462194442749,178.68465798574366
CD8+T cells,pTBK1,R848,6.456266641616821,25.647305766264456
CD16+/CD11b-,pSTAT3,IFNa2,67.50942993164062,4551.190673303096
CD16+/CD11b-,pS6,GM-CSF,73.95479965209961,1337.5353426721251
CD4+T cells,pSTAT6,LPS,4.8428651094436646,15.377607125332077
CD8+T cells,pMAPKAPK2,IL-12,5.671624779701233,8.194358877657175
CD11b-/CD16-,pSTAT1,IL-12,27.380205631256104,355.6894176884708
CD16+/CD11b-,pS6,IL-4,71.40388298034668,1274.396738880803
CD16+/CD11b-,pSTAT5,Ebola VLPs,19.368225574493408,216.00183822092748
CD4+/CD8+,pErk1/2,CD40L,50.269758224487305,1688.245134606079
Neutrophils,pMAPKAPK2,Basal,7.27335798740387,13.250577082428617
CD4+T cells,IkBa,Anthrax,6.765130400657654,12.935762363975009
pDCs,IkBa,R848,3.7432000637054443,5.646201193349044
CD8+T cells,pSTAT5,GM-CSF,11.698812246322632,55.186531793380674
CD1c+ B cells,pCREB,Anthrax,28.622957229614258,NaN
CD11b-/CD16-,p4E-BP1,IFNb,42.18359565734863,218.73429737759326
CD16+/CD11b+,pMAPKAPK2,GM-CSF,18.197221755981445,52.785979232655436
pDCs,pSTAT1,IFNg,22.527682304382324,268.13639232668226
CD16+/CD11b+,p4E-BP1,LPS,25.163158416748047,86.76003357549084
CD7+/HLA-DR-,pS6,IFNa2,39.58730411529541,505.65509753432536
CD11b+/CD16-,pMAPKAPK2,IFNg,13.154736042022705,31.884168200640353
CD16+/CD11b-,pCREB,IL-4,38.986127853393555,420.3621509000814
CD11b+/CD16-,pErk1/2,IFNb,76.0637149810791,1726.6061568250636
Basophils,pSTAT1,IL-6,28.139782428741455,221.9928466426798
CD16+/CD11b+,pPLCg2,IFNa2,16.055155277252197,159.95273054517017
CD7+/HLA-DR-,pSTAT1,R848,5.8301286697387695,13.812411473516123
CD7+/HLA-DR-,pZap70/Syk,IL-2,4.084577679634094,4.157578918476741
CD16+/CD11b-,pP38,IFNg,21.851119995117188,152.8757740823436
Neutrophils,pZap70/Syk,IL-6,8.367650270462036,6.455147498114114
CD11b-/CD16-,pErk1/2,IL-4,41.05295372009277,637.9446795900811
CD11b+/CD16-,pMAPKAPK2,IFNb,13.287020683288574,30.351913231893892
CD16+/CD11b+,pSTAT3,CD40L,125.61132049560547,9858.926688330568
CD16+/CD11b+,pZap70/Syk,Ebola VLPs,7.027648329734802,16.74192843829985
CD7+/HLA-DR-,pSTAT3,TNFa,62.015828132629395,3510.818180170799
CD16+/CD11b-,pSTAT5,IFNa2,31.96074390411377,278.3157744175142
Neutrophils,pP38,LPS,22.05191469192505,106.51129373145642
B Cells,pSTAT4,TNFa,8.830862045288086,18.40382060972548
CD8+T cells,pCREB,IL-2,22.882811546325684,110.65714820315762
CD11b-/CD16-,pSTAT5,IFNg,20.551271438598633,164.35244668127714
Neutrophils,pSTAT4,IL-12,7.996650815010071,30.6794918986377
CD11b-/CD16-,pPLCg2,CD40L,9.835044860839844,38.89457477504831
CD16+/CD11b-,pPLCg2,R848,15.160755157470703,104.86193008184539
CD11b+/CD16-,p4E-BP1,IFNa2,31.98886775970459,139.99290812092764
CD4+T cells,pMAPKAPK2,R848,5.722491145133972,7.557258024315732
CD16+/CD11b+,pTBK1,GM-CSF,14.535038709640503,195.77134942882776
pDCs,pZap70/Syk,IFNb,4.655022382736206,5.5172320289130505
CD11b-/CD16-,pPLCg2,R848,10.434365272521973,36.71884578142442
CD4+T cells,pSTAT4,Ebola VLPs,7.087337017059326,16.299884677344686
CD1c+ B cells,Ki67,IL-4,20.075811862945557,NaN
CD16+/CD11b-,pMAPKAPK2,IFNg,12.578463315963745,22.40246598774655
Basophils,pErk1/2,IFNb,33.48386859893799,501.66082216689347
CD4+T cells,Ki67,IL-12,17.225618362426758,118.22913925434295
pDCs,pP38,IFNg,21.059980392456055,142.5537605321816
CD11b-/CD16-,IkBa,IFNa2,10.607187986373901,30.394899723562165
pDCs,pSTAT3,Ebola VLPs,63.396912574768066,2811.893209054857
CD16+/CD11b+,pSTAT1,IFNg,98.38379669189453,2633.536487200053
CD7+/HLA-DR-,pSTAT5,LPS,10.057024002075195,51.00907487046774
CD4+/CD8+,pSTAT1,IFNb,67.56819725036621,NaN
CD4+/CD8+,pSTAT5,IL-12,20.461050987243652,NaN
pDCs,pMAPKAPK2,IL-4,9.965382099151611,24.734193247737334
CD7+/HLA-DR-,pP38,LPS,10.515267372131348,41.29484652261363
CD1c+ B cells,pCREB,IL-2,29.330132961273193,NaN
pDCs,Ki67,CD40L,28.768645763397217,372.02557180771163
CD16+/CD11b+,pSTAT3,Ebola VLPs,115.64149475097656,9862.377237408507
CD16+/CD11b+,pSTAT1,Anthrax,56.816545486450195,1344.1006380632887
B Cells,pSTAT6,Basal,7.401732325553894,22.968760480771955
CD16+/CD11b+,pSTAT3,Basal,109.06239891052246,8923.025851279559
CD16+/CD11b+,p4E-BP1,IL-2,33.90476131439209,128.56992743607944
CD7+/HLA-DR-,pSTAT3,GM-CSF,59.56667900085449,3416.9061647773647
CD8+T cells,pPLCg2,IL-2,6.033936858177185,12.650800258305244
CD16+/CD11b-,pSTAT1,GM-CSF,55.44971752166748,1135.9487371544528
CD11b-/CD16-,p4E-BP1,Anthrax,43.38121509552002,218.1357180284566
CD7+/HLA-DR-,pP38,IFNb,11.523102283477783,44.73680109670663
CD16+/CD11b-,pP38,IL-2,20.64308452606201,153.07539538581142
Basophils,IkBa,IL-4,5.966714262962341,7.770374197532567
Basophils,p4E-BP1,Anthrax,11.672636032104492,11.384706779446832
CD16+/CD11b-,pS6,Anthrax,73.99331474304199,1348.9071743229517
Basophils,pSTAT1,TNFa,24.54289150238037,197.83502974729817
CD16+/CD11b+,pSTAT1,GM-CSF,60.60453510284424,1411.2440815479374
CD11b+/CD16-,pS6,IL-4,75.09524726867676,1638.479089958793
B Cells,pSTAT5,IFNg,13.568153142929077,68.1475611484995
B Cells,pMAPKAPK2,PMAIono,8.894536256790161,20.604233994748668
CD8+T cells,pSTAT1,IFNb,36.47593116760254,280.34255042800095
CD8+T cells,pZap70/Syk,IFNb,4.415235996246338,1.5477815176819205
Neutrophils,pErk1/2,IL-12,86.84376907348633,1903.786758572104
CD1c+ B cells,pSTAT6,PMAIono,10.099634170532227,NaN
B Cells,pZap70/Syk,IL-12,4.107960343360901,4.218369721559228
Neutrophils,pSTAT3,IL-12,59.5860710144043,4445.791997111148
CD4+T cells,pS6,IFNb,47.359092712402344,491.1584472371577
B Cells,p4E-BP1,IFNb,24.707589149475098,23.111451240504604
Neutrophils,pErk1/2,GM-CSF,114.0953369140625,2194.7478883597414
Neutrophils,pS6,GM-CSF,52.15395545959473,630.9605805439093
Neutrophils,pSTAT4,IL-6,7.881494760513306,26.025797266657857
CD7+/HLA-DR-,pPLCg2,IFNg,6.106255054473877,15.926257133494337
CD4+/CD8+,pS6,PMAIono,79.3626937866211,NaN
pDCs,pPLCg2,Anthrax,10.123735904693604,44.703745940349975
CD1c+ B cells,Ki67,IL-2,27.53893530368805,NaN
CD1c+ B cells,pS6,TNFa,64.34463500976562,NaN
CD8+T cells,p4E-BP1,IFNg,7.135925650596619,3.7369053772772927
CD16+/CD11b+,pZap70/Syk,LPS,7.81305730342865,21.846735469362912
pDCs,pZap70/Syk,R848,4.882880687713623,5.572034035965365
B Cells,pTBK1,IL-12,10.972409725189209,66.72283229685704
CD1c+ B cells,pCREB,CD40L,44.92575645446777,NaN
CD4+T cells,pSTAT4,Basal,7.137531161308289,17.409749997085505
CD7+/HLA-DR-,pSTAT6,GM-CSF,5.0056328773498535,14.65980151703407
pDCs,pSTAT4,Basal,9.847881555557251,42.86671133096043
CD11b-/CD16-,pErk1/2,Anthrax,44.70158863067627,1029.0343032926664
B Cells,pMAPKAPK2,Basal,6.447889804840088,8.367493314551135
CD7+/HLA-DR-,p4E-BP1,IFNb,6.148723840713501,4.613572254290065
pDCs,p4E-BP1,Ebola VLPs,40.670127868652344,208.62939262086283
CD7+/HLA-DR-,pSTAT6,R848,5.082168936729431,13.719323193063385
CD4+T cells,pSTAT3,IL-4,43.355079650878906,2369.978352185577
CD8+T cells,pS6,R848,45.44490337371826,448.4147906506153
Neutrophils,pSTAT1,IFNa2,31.71407127380371,369.5354937019417
Neutrophils,pSTAT5,Basal,15.783411741256714,127.1147454450732
CD7+/HLA-DR-,p4E-BP1,IL-4,6.254389047622681,4.346807607620578
CD4+/CD8+,pSTAT5,Anthrax,19.418825149536133,NaN
CD7+/HLA-DR-,pS6,LPS,39.266401290893555,517.5016859651948
pDCs,pP38,PMAIono,22.232484817504883,300.90379410416534
B Cells,pSTAT4,LPS,8.676440238952637,19.238732880681585
B Cells,pZap70/Syk,GM-CSF,3.9693443775177,3.5561678823058984
B Cells,pTBK1,R848,12.263166189193726,67.37191147534315
CD11b+/CD16-,Ki67,IFNb,28.087865829467773,292.2653251736003
CD11b+/CD16-,pZap70/Syk,IL-2,5.584279537200928,8.384163696519488
Neutrophils,pSTAT4,CD40L,7.911800742149353,26.34444586979817
Neutrophils,pTBK1,IFNa2,4.421525001525879,13.65492461978084
CD8+T cells,pPLCg2,PMAIono,6.184616804122925,13.014047593684879
CD4+T cells,pSTAT6,TNFa,4.857243299484253,15.466383877748486
CD11b+/CD16-,pSTAT3,IFNg,86.5401668548584,4928.903831546485
CD11b-/CD16-,pSTAT1,IL-2,24.179441452026367,308.32501755068245
pDCs,pS6,IL-12,67.64003372192383,1110.6374255257244
CD16+/CD11b+,IkBa,IFNb,6.430014729499817,8.276871518769916
pDCs,Ki67,Anthrax,26.162538528442383,362.36973828565266
CD4+T cells,pTBK1,IFNb,7.050522327423096,30.30911061754157
CD4+/CD8+,pMAPKAPK2,LPS,8.653518676757812,NaN
Basophils,pZap70/Syk,CD40L,3.0816070437431335,2.87762948588381
pDCs,pCREB,LPS,24.920035362243652,164.29504560178574
CD4+T cells,pSTAT1,IL-4,22.78485107421875,153.58208949870195
CD11b+/CD16-,pSTAT1,LPS,53.93481254577637,1003.7369664302295
CD1c+ B cells,pSTAT4,GM-CSF,9.672236442565918,NaN
CD1c+ B cells,pSTAT6,IFNb,19.955082893371582,NaN
CD16+/CD11b-,pPLCg2,IFNa2,14.97594952583313,90.2977302553418
CD16+/CD11b+,pCREB,Anthrax,58.27505397796631,1074.7168186670253
CD11b-/CD16-,p4E-BP1,IL-12,41.16883659362793,214.2406686852891
CD16+/CD11b+,pErk1/2,IL-2,73.86397552490234,2034.603470738839
CD11b-/CD16-,pSTAT1,IL-6,32.13839626312256,396.0995724439189
CD1c+ B cells,pCREB,IL-12,25.571309089660645,NaN
B Cells,pSTAT1,GM-CSF,5.5309202671051025,8.624621568616757
CD8+T cells,pTBK1,IL-6,6.441884994506836,26.389961263169067
CD11b-/CD16-,pSTAT1,Basal,26.761932849884033,281.5879458477579
CD16+/CD11b+,pCREB,CD40L,51.57606315612793,827.7030071820191
CD16+/CD11b+,pZap70/Syk,CD40L,7.229149103164673,17.591545330925733
CD11b-/CD16-,pSTAT3,R848,67.88568115234375,3630.0161318967216
CD11b-/CD16-,pSTAT1,GM-CSF,30.702481269836426,340.93197403247245
CD4+/CD8+,pMAPKAPK2,PMAIono,9.52088975906372,NaN
B Cells,p4E-BP1,IL-12,24.918039798736572,24.51972712753416
Basophils,pP38,Ebola VLPs,11.115725994110107,35.532804556447516
CD11b-/CD16-,pSTAT6,Ebola VLPs,8.508817434310913,41.90263947745134
Neutrophils,pMAPKAPK2,IL-4,7.17454731464386,13.240653068534927
Basophils,IkBa,GM-CSF,5.6695544719696045,6.361770050072081
CD16+/CD11b+,pS6,IFNg,87.94596481323242,2341.760078128558
CD8+T cells,pSTAT1,Ebola VLPs,20.078292846679688,113.61078306283493
CD1c+ B cells,IkBa,Anthrax,10.760500431060791,NaN
CD4+T cells,pS6,Ebola VLPs,45.65938663482666,423.55236576239207
CD11b+/CD16-,pTBK1,IL-12,12.754437685012817,107.68526551998177
CD11b-/CD16-,pS6,IL-4,71.43918037414551,1183.3175206718045
CD8+T cells,pTBK1,GM-CSF,6.486260652542114,24.460012453796015
CD16+/CD11b+,pSTAT1,PMAIono,70.87250709533691,1638.9526471331815
pDCs,p4E-BP1,TNFa,41.55647087097168,190.0162459107166
CD8+T cells,pS6,GM-CSF,44.50999927520752,428.36605093540794
CD4+/CD8+,pCREB,IFNg,30.12738609313965,NaN
Basophils,pSTAT4,IFNg,9.972135543823242,26.993121000014767
CD4+T cells,IkBa,IFNa2,6.494863510131836,11.31072649614803
CD16+/CD11b+,pSTAT1,IL-12,57.04538059234619,1334.8471617377159
CD8+T cells,pErk1/2,TNFa,26.9521746635437,216.33943839014142
CD4+/CD8+,pSTAT6,PMAIono,6.17223048210144,NaN
CD11b+/CD16-,pErk1/2,Basal,70.82469749450684,1604.5010853355593
CD16+/CD11b+,IkBa,IFNa2,6.405810236930847,10.710170059622616
CD8+T cells,pSTAT6,CD40L,4.119186282157898,11.121945538453055
pDCs,pSTAT4,TNFa,9.836727142333984,60.03889500175262
CD7+/HLA-DR-,pSTAT6,LPS,5.012500286102295,15.213592592067052
CD11b+/CD16-,Ki67,IFNa2,28.295589923858643,284.93289218829307
Basophils,pMAPKAPK2,IFNa2,7.594089031219482,12.946454380048632
CD11b-/CD16-,pP38,Basal,19.459595203399658,128.1773652229593
CD1c+ B cells,pSTAT4,IL-6,10.483241081237793,NaN
CD8+T cells,Ki67,GM-CSF,13.323395252227783,73.63907687732102
CD7+/HLA-DR-,pCREB,IL-4,21.95319938659668,128.41988342554535
pDCs,pSTAT5,IL-4,18.787686347961426,172.4901744915157
Basophils,pPLCg2,IL-12,7.239665746688843,21.064760385378484
CD11b+/CD16-,IkBa,IFNa2,8.163475036621094,19.678970374832865
CD7+/HLA-DR-,pSTAT1,IL-12,6.276629209518433,15.969031998392696
CD7+/HLA-DR-,pSTAT3,CD40L,59.199195861816406,3506.848669007538
Basophils,p4E-BP1,IFNa2,11.261349439620972,11.421157439289424
CD11b+/CD16-,pP38,IL-2,19.629980087280273,133.6713856200442
CD16+/CD11b-,pPLCg2,IL-12,15.744879245758057,111.54911487303583
CD16+/CD11b+,pSTAT5,IL-12,21.50798988342285,404.5430007390263
B Cells,p4E-BP1,Basal,25.68556547164917,25.21535455946091
CD11b-/CD16-,pSTAT6,TNFa,8.488342761993408,41.99799756989312
CD1c+ B cells,pSTAT6,IFNg,9.63674259185791,NaN
pDCs,pTBK1,IL-12,10.264564514160156,81.09246159520525
CD11b-/CD16-,pPLCg2,PMAIono,10.697146654129028,47.66901152306662
B Cells,pSTAT4,PMAIono,8.770839214324951,19.485383814962233
Neutrophils,pSTAT6,IFNg,3.986031651496887,13.921734781427922
CD4+T cells,pTBK1,CD40L,7.4513795375823975,34.30928988034002
CD8+T cells,pSTAT1,IL-4,20.001296043395996,108.85995702106783
CD8+T cells,pSTAT4,PMAIono,6.005001068115234,12.366422846379162
CD4+T cells,pErk1/2,IL-12,28.84692144393921,261.3679284606489
CD4+/CD8+,pSTAT6,Anthrax,6.016198515892029,NaN
CD16+/CD11b+,pCREB,IFNb,51.792643547058105,799.5391583439213
pDCs,pSTAT1,IL-6,20.808372020721436,227.6581681240949
B Cells,pSTAT1,IFNg,9.650366306304932,15.944806282313474
CD16+/CD11b+,pS6,IFNb,85.44266128540039,2592.83142827378
Neutrophils,pSTAT1,Ebola VLPs,27.92983388900757,323.32838933932135
CD4+/CD8+,pS6,IL-6,77.4876480102539,NaN
Neutrophils,pSTAT6,Anthrax,3.8240158557891846,13.243420700355284
CD11b+/CD16-,pS6,Ebola VLPs,72.82168197631836,1606.5998829418493
CD4+/CD8+,p4E-BP1,IL-6,9.824706077575684,NaN
CD11b+/CD16-,pSTAT4,PMAIono,15.707557439804077,95.42269537925306
CD1c+ B cells,pP38,Ebola VLPs,23.167120933532715,NaN
CD4+T cells,pSTAT5,TNFa,12.360826015472412,62.67952414704165
CD11b+/CD16-,pSTAT5,IFNb,53.39058780670166,573.5123189760421
CD4+T cells,pSTAT6,GM-CSF,4.845738053321838,14.90930771607308
CD16+/CD11b+,pP38,Basal,20.105192184448242,186.1791010518018
CD1c+ B cells,pErk1/2,Basal,33.71455478668213,NaN
B Cells,IkBa,IL-2,5.08522355556488,8.536590574665443
CD8+T cells,pCREB,Anthrax,21.312101364135742,95.55010334033422
CD16+/CD11b+,pSTAT5,Ebola VLPs,21.068025588989258,353.798680137636
CD1c+ B cells,IkBa,IFNb,11.50993824005127,NaN
CD11b-/CD16-,p4E-BP1,IFNa2,42.44122886657715,223.08550193089206
Basophils,IkBa,Ebola VLPs,6.032821297645569,7.571081286030895
CD7+/HLA-DR-,pP38,IL-12,10.798908710479736,47.19604116509151
CD7+/HLA-DR-,Ki67,Ebola VLPs,11.149973154067993,46.605053891740766
CD11b-/CD16-,pCREB,IL-2,35.39448642730713,407.0598626702567
Basophils,Ki67,IFNb,16.982811450958252,78.77762356901528
CD16+/CD11b-,pPLCg2,Basal,13.423262596130371,78.17606824127431
B Cells,pP38,IL-12,17.649908542633057,96.43567041614611
Basophils,pTBK1,Anthrax,11.814517974853516,85.3756480171022
CD4+/CD8+,pMAPKAPK2,GM-CSF,8.342352151870728,NaN
CD11b+/CD16-,pErk1/2,IL-6,87.06264114379883,1763.5738541266223
CD16+/CD11b+,pTBK1,IL-6,14.87346363067627,178.95977192001925
CD1c+ B cells,pZap70/Syk,GM-CSF,6.045977234840393,NaN
CD11b+/CD16-,pP38,Anthrax,25.157172203063965,263.70550363187624
Basophils,pSTAT5,IL-12,26.29877471923828,198.5922903755752
CD4+T cells,pTBK1,IFNg,6.902748227119446,29.385346785853237
CD11b+/CD16-,pSTAT3,LPS,98.87042808532715,6111.446319709982
CD8+T cells,pCREB,IFNg,21.136664867401123,91.59129296617296
CD16+/CD11b-,Ki67,TNFa,19.268444061279297,198.20802733873288
CD11b-/CD16-,pMAPKAPK2,IL-2,10.603684186935425,21.100525860893207
CD4+T cells,pSTAT3,IFNa2,47.792598724365234,2322.4086971519914
CD16+/CD11b-,pCREB,IL-2,40.58631134033203,483.45165874782157
CD4+/CD8+,pPLCg2,IL-12,11.081240892410278,NaN
CD16+/CD11b+,pSTAT6,Ebola VLPs,7.839554309844971,60.96429852406982
pDCs,pZap70/Syk,Ebola VLPs,4.585432052612305,6.5870171500056545
CD7+/HLA-DR-,pSTAT5,IL-2,46.06717109680176,261.79224897853413
CD16+/CD11b+,pP38,IFNb,19.33361291885376,202.5167919455718
pDCs,pS6,Anthrax,68.54777526855469,1268.4400090143781
CD7+/HLA-DR-,pS6,IL-6,39.70210647583008,498.4474507781785
CD8+T cells,pPLCg2,IFNb,5.734186172485352,12.104054746426401
CD8+T cells,pSTAT3,TNFa,50.12867832183838,2508.3645177026265
CD4+/CD8+,pSTAT1,TNFa,37.8410701751709,NaN
CD7+/HLA-DR-,IkBa,Basal,4.89036226272583,6.875757265724982
B Cells,pSTAT4,Ebola VLPs,8.747554063796997,19.09827869266678
CD8+T cells,pMAPKAPK2,IFNg,5.853402853012085,7.874678860546262
CD1c+ B cells,pSTAT1,IL-4,12.269305229187012,NaN
CD11b+/CD16-,pTBK1,LPS,111.30098915100098,13072.861324842523
CD1c+ B cells,pSTAT3,PMAIono,67.3129768371582,NaN
pDCs,pSTAT6,IFNa2,20.125282287597656,129.6870343524193
pDCs,Ki67,IFNa2,27.103902339935303,323.64704661939226
CD11b+/CD16-,pCREB,R848,60.2027645111084,733.4893261399451
CD4+/CD8+,pSTAT5,CD40L,19.040186882019043,198.81129369982517
pDCs,pSTAT3,CD40L,72.62139701843262,3392.4329955583594
CD7+/HLA-DR-,pMAPKAPK2,IFNb,5.308215379714966,8.411578897809623
Basophils,pSTAT3,IL-6,54.06980609893799,4452.4475295879265
CD11b+/CD16-,p4E-BP1,Basal,35.27162551879883,161.19971581646888
pDCs,pMAPKAPK2,IFNa2,10.37118911743164,20.742136526623806
CD11b-/CD16-,pZap70/Syk,R848,5.499477386474609,6.65095032289864
Neutrophils,p4E-BP1,IL-12,7.111724376678467,7.64655347141845
CD4+/CD8+,pMAPKAPK2,Anthrax,9.076217889785767,NaN
B Cells,pSTAT3,IFNg,40.91222095489502,2232.770060293722
pDCs,pSTAT5,IL-6,17.470412254333496,182.79512255117575
CD16+/CD11b+,pZap70/Syk,GM-CSF,6.694717526435852,15.320154975074201
CD1c+ B cells,pSTAT1,LPS,12.527746677398682,NaN
CD11b-/CD16-,pMAPKAPK2,IFNa2,10.688576221466064,20.48480236787291
CD16+/CD11b-,pSTAT6,PMAIono,7.863238096237183,35.816272656048795
CD7+/HLA-DR-,pSTAT4,Anthrax,6.376561164855957,12.307264955198534
CD7+/HLA-DR-,pSTAT4,IL-4,6.212947368621826,11.517164595092755
Basophils,pMAPKAPK2,TNFa,7.670181751251221,13.862009761854463
CD4+/CD8+,pZap70/Syk,PMAIono,6.023403525352478,NaN
CD4+T cells,IkBa,Ebola VLPs,6.524037003517151,11.763213709080476
Neutrophils,pPLCg2,Basal,6.668335795402527,15.014927879776256
Basophils,p4E-BP1,IFNb,11.085970640182495,10.25541293083806
CD4+T cells,pS6,IFNa2,45.825578689575195,446.1124839338071
CD11b-/CD16-,pSTAT5,IL-4,20.28470277786255,168.38865972547418
CD16+/CD11b+,pSTAT3,LPS,135.2304344177246,11950.508601402757
CD16+/CD11b+,pSTAT6,TNFa,7.704684019088745,60.91260496447669
CD4+/CD8+,pErk1/2,Anthrax,50.745052337646484,NaN
CD11b+/CD16-,p4E-BP1,LPS,28.127275466918945,113.06451784115825
Basophils,pSTAT3,PMAIono,60.94819259643555,7823.392539304814
CD16+/CD11b-,pSTAT4,Ebola VLPs,12.875540256500244,62.28437046555426
CD8+T cells,pSTAT4,IL-2,6.194496989250183,11.910600694284266
CD11b+/CD16-,pSTAT6,IFNa2,10.759087324142456,57.996877867934906
CD16+/CD11b-,pS6,Basal,71.94013595581055,1388.7497159782538
CD8+T cells,pTBK1,IFNa2,6.363378524780273,24.672679242796285
CD8+T cells,pSTAT6,IFNb,6.603512167930603,16.087349928008095
CD4+T cells,Ki67,LPS,16.6331787109375,107.92507548300333
Neutrophils,IkBa,LPS,1.9700858891010284,1.0824400904321285
CD16+/CD11b+,pSTAT1,IFNb,101.46750068664551,2733.411291328946
CD8+T cells,pMAPKAPK2,Basal,5.669582486152649,7.385578942206365
Neutrophils,pPLCg2,R848,7.073595404624939,16.64080598778427
CD16+/CD11b-,IkBa,Anthrax,4.6220269203186035,4.478973119113901
CD7+/HLA-DR-,pTBK1,CD40L,7.711938381195068,36.272507394899904
pDCs,pTBK1,Basal,11.078693151473999,94.51657677433087
B Cells,pCREB,IL-4,19.494312286376953,84.43686418624542
CD16+/CD11b-,pS6,PMAIono,68.16520690917969,1270.948528273782
B Cells,pSTAT3,IL-6,40.587281227111816,2149.557036346989
B Cells,pS6,CD40L,44.99708843231201,370.9470327054898
CD7+/HLA-DR-,pCREB,IFNg,22.42086124420166,133.14425123315687
CD4+/CD8+,pPLCg2,IL-2,10.493492364883423,NaN
CD4+/CD8+,pSTAT3,GM-CSF,80.81778335571289,NaN
CD11b-/CD16-,pSTAT5,IL-6,17.74839973449707,165.91319990915548
CD8+T cells,pP38,IFNa2,14.351611375808716,49.31702585227076
Basophils,pP38,CD40L,11.047213077545166,40.99309284482908
CD16+/CD11b+,p4E-BP1,Ebola VLPs,29.831817626953125,114.90879115409192
CD1c+ B cells,pSTAT5,IFNg,21.005911350250244,NaN
Neutrophils,pZap70/Syk,TNFa,8.312139511108398,6.165141230719777
CD8+T cells,pTBK1,PMAIono,6.725713610649109,28.446340355943754
CD11b+/CD16-,pSTAT1,IL-4,50.99788951873779,1020.6081147716911
CD16+/CD11b-,pSTAT4,LPS,11.25065302848816,55.155311013195224
CD4+/CD8+,pSTAT5,IL-4,20.583786010742188,NaN
CD16+/CD11b-,pSTAT1,Ebola VLPs,53.89498329162598,1153.3858821878118
CD11b-/CD16-,pTBK1,LPS,24.19147300720215,399.06618823138314
CD4+/CD8+,pSTAT5,R848,18.900022983551025,NaN
CD4+T cells,pSTAT4,IFNa2,13.390583992004395,34.202470390230495
CD11b-/CD16-,p4E-BP1,IFNg,46.791181564331055,282.24048336454376
B Cells,pErk1/2,IL-4,26.731354236602783,187.16450245573304
CD1c+ B cells,pSTAT4,Ebola VLPs,10.548180103302002,NaN
CD16+/CD11b+,pCREB,IL-2,51.71598434448242,856.4013729863174
pDCs,pZap70/Syk,GM-CSF,5.164741635322571,NaN
CD16+/CD11b+,pTBK1,Anthrax,19.828442573547363,481.4166507179977
Neutrophils,pMAPKAPK2,IFNa2,7.115806460380554,12.973708946932485
CD11b-/CD16-,pP38,LPS,26.367708206176758,213.3154905310009
pDCs,pZap70/Syk,PMAIono,4.8310476541519165,6.542456394401875
CD4+/CD8+,pPLCg2,Anthrax,10.636615514755249,NaN
CD11b+/CD16-,pSTAT1,Ebola VLPs,51.990925788879395,1027.5210248160186
CD4+/CD8+,pErk1/2,IL-4,49.11783790588379,NaN
CD8+T cells,pP38,IFNb,14.72274661064148,51.2672145107872
CD11b-/CD16-,pS6,IL-6,70.80306816101074,1228.2998945924267
Neutrophils,pSTAT3,IFNa2,61.51104164123535,4195.163460081732
CD16+/CD11b-,pErk1/2,LPS,71.77033805847168,1519.143613780088
CD4+/CD8+,pMAPKAPK2,IL-6,9.097922325134277,NaN
Basophils,pZap70/Syk,GM-CSF,2.8247536420822144,2.302590507083133
CD16+/CD11b+,pPLCg2,IL-4,15.418269157409668,150.8167686483449
B Cells,IkBa,IFNg,5.162699818611145,8.900495132317179
Basophils,pTBK1,IFNg,11.526421070098877,74.03091197622413
CD11b+/CD16-,pSTAT6,Anthrax,7.639613747596741,45.33393715752382
B Cells,p4E-BP1,IFNa2,24.867234706878662,24.127259636054013
CD4+T cells,pSTAT3,Basal,42.34015369415283,2324.3336184840346
CD11b+/CD16-,IkBa,GM-CSF,7.9508819580078125,18.267273023361994
CD4+T cells,pP38,IL-6,13.798380374908447,54.58774441518997
CD11b-/CD16-,pSTAT3,Anthrax,65.70501899719238,3967.855642657211
B Cells,pSTAT4,IL-4,8.471107959747314,17.60864900043866
pDCs,pMAPKAPK2,IFNg,10.375871181488037,24.501610028461847
CD4+/CD8+,pSTAT6,IL-6,5.822067618370056,NaN
Neutrophils,pCREB,Basal,24.16404676437378,128.77329871472773
CD8+T cells,pErk1/2,IL-2,28.93951654434204,242.1624971180044
CD4+T cells,Ki67,GM-CSF,17.089258193969727,106.32234298386307
CD4+/CD8+,pZap70/Syk,CD40L,6.27256965637207,3.3394374120489125
CD4+/CD8+,pP38,Anthrax,20.574427604675293,NaN
B Cells,pErk1/2,TNFa,26.45405101776123,183.571289637638
CD11b+/CD16-,pSTAT6,TNFa,7.512099981307983,50.04092312274576
pDCs,pTBK1,GM-CSF,11.384490013122559,NaN
B Cells,pSTAT3,IL-4,39.36163139343262,2417.460897644792
pDCs,pPLCg2,IL-12,9.647836923599243,31.960324367970884
Basophils,pPLCg2,Ebola VLPs,6.8671954870224,11.506213648989595
CD1c+ B cells,pP38,IFNb,26.783562660217285,NaN
B Cells,pP38,IFNb,17.59487247467041,87.90735245494157
CD16+/CD11b+,pPLCg2,IL-2,15.769606113433838,131.59533830958281
CD4+/CD8+,IkBa,R848,6.779454231262207,NaN
Basophils,pErk1/2,IFNa2,31.41310739517212,474.44544254575595
CD4+T cells,pMAPKAPK2,IFNa2,5.598155498504639,7.418710464687291
CD11b-/CD16-,pMAPKAPK2,IFNb,10.522032499313354,20.8686349551848
CD8+T cells,pMAPKAPK2,R848,5.593045473098755,7.555060615594543
Neutrophils,Ki67,Ebola VLPs,9.875442028045654,46.997687246416604
B Cells,pPLCg2,Ebola VLPs,6.696826219558716,11.221111166001496
CD16+/CD11b+,p4E-BP1,PMAIono,26.270758152008057,93.55190411147215
CD16+/CD11b-,pSTAT4,IFNg,13.631904602050781,59.49723141289055
CD16+/CD11b+,pMAPKAPK2,IFNg,15.055461168289185,37.1243658235509
CD11b-/CD16-,pSTAT5,IFNa2,33.26879119873047,288.7579186123398
CD16+/CD11b-,IkBa,IL-4,4.958357930183411,4.401850047616205
pDCs,pSTAT6,TNFa,8.002847671508789,61.49077161545938
CD4+/CD8+,pCREB,IL-2,32.81619834899902,NaN
CD8+T cells,pPLCg2,IFNg,5.7379080057144165,10.62928025399616
CD7+/HLA-DR-,pErk1/2,R848,23.478221893310547,246.52759623042687
B Cells,pSTAT6,CD40L,7.335004091262817,23.030854624359492
CD16+/CD11b-,pSTAT1,IFNb,82.42900848388672,1788.1513153598225
CD11b+/CD16-,pTBK1,TNFa,47.302626609802246,727.9906392674767
CD8+T cells,pSTAT5,R848,11.618672370910645,55.417685966294776
B Cells,pSTAT6,GM-CSF,7.440395355224609,22.4947812225202
CD4+T cells,pTBK1,IFNa2,7.1840749979019165,31.10575624140128
CD16+/CD11b+,p4E-BP1,CD40L,29.087454795837402,108.269502951698
CD16+/CD11b-,pZap70/Syk,TNFa,6.755196928977966,9.804679372541004
CD11b+/CD16-,pSTAT3,TNFa,88.15706634521484,5135.733524610642
CD4+T cells,pMAPKAPK2,IL-2,6.1280189752578735,8.494967567595292
CD8+T cells,pTBK1,TNFa,7.539586305618286,26.540604091072762
Basophils,pSTAT3,CD40L,54.16458034515381,4784.384740695645
Basophils,pSTAT4,Anthrax,9.98071551322937,30.904789809166697
CD16+/CD11b+,pPLCg2,GM-CSF,15.929925441741943,159.5151819161445
CD16+/CD11b-,pErk1/2,IFNa2,51.84860706329346,970.0333656530287
CD4+/CD8+,pTBK1,IL-4,8.798904657363892,NaN
pDCs,IkBa,GM-CSF,9.671175003051758,NaN
Neutrophils,Ki67,IL-4,9.940806865692139,57.05049881206689
Neutrophils,pS6,IFNa2,48.297574043273926,598.5749110410605
CD7+/HLA-DR-,pP38,IFNg,11.423065185546875,43.90062088838117
CD16+/CD11b-,pS6,Ebola VLPs,69.30042839050293,1275.0550510425662
CD4+T cells,pSTAT1,TNFa,21.479536533355713,128.69965820208805
CD11b+/CD16-,pCREB,IL-6,53.027183532714844,600.6499155485308
CD4+T cells,pS6,R848,46.701026916503906,446.59141228790463
CD4+/CD8+,pS6,IL-12,84.66906547546387,NaN
CD16+/CD11b-,p4E-BP1,IL-12,19.72572422027588,64.2064717897797
CD4+/CD8+,pS6,Ebola VLPs,74.86953735351562,NaN
Neutrophils,pCREB,IL-6,23.111255645751953,114.32810547251596
CD11b+/CD16-,pErk1/2,Anthrax,106.76011276245117,2592.570539379316
Basophils,p4E-BP1,R848,11.255465507507324,10.345911661157258
CD11b+/CD16-,pSTAT6,IFNg,8.557995319366455,44.43600440804339
CD4+T cells,pP38,R848,13.843006372451782,52.46699892803252
Basophils,pSTAT1,IL-2,23.300780296325684,179.22275797978003
CD4+/CD8+,Ki67,GM-CSF,17.935360431671143,NaN
CD11b+/CD16-,pP38,IFNa2,17.99312114715576,123.9733974663753
pDCs,p4E-BP1,CD40L,40.21017551422119,191.94290853870453
Basophils,pMAPKAPK2,GM-CSF,10.051292419433594,20.410592258679227
CD1c+ B cells,p4E-BP1,IFNa2,35.98651313781738,NaN
CD7+/HLA-DR-,pP38,TNFa,18.79814052581787,82.89685611456277
CD16+/CD11b+,pP38,CD40L,21.198040008544922,188.28644748971485
CD16+/CD11b+,pP38,IFNg,20.869632244110107,176.80427294145343
CD16+/CD11b-,pCREB,CD40L,41.19630241394043,403.66293240242317
CD16+/CD11b-,pP38,Anthrax,24.907166481018066,245.96280002754798
CD7+/HLA-DR-,pP38,R848,11.160398721694946,42.6509456997723
B Cells,pPLCg2,PMAIono,8.008235692977905,16.4369888086241
CD16+/CD11b+,pS6,PMAIono,78.78750991821289,2937.448648675188
CD8+T cells,pTBK1,IL-2,6.317144989967346,25.72709534270537
CD11b-/CD16-,pTBK1,IL-2,12.579349517822266,84.16647573082088
CD16+/CD11b-,pCREB,Basal,40.62115955352783,415.286609688145
CD4+T cells,IkBa,IFNg,6.579003214836121,12.750362329444608
CD4+T cells,pPLCg2,TNFa,5.449445843696594,9.799335715628084
CD1c+ B cells,IkBa,Ebola VLPs,10.462307453155518,NaN
CD16+/CD11b+,IkBa,PMAIono,5.819570899009705,9.471122925355006
B Cells,pCREB,IL-2,19.73970127105713,94.64569822836332
CD11b-/CD16-,pSTAT4,IFNb,13.67775821685791,58.53796082112109
CD1c+ B cells,pZap70/Syk,IFNa2,6.004389107227325,NaN
pDCs,Ki67,TNFa,27.140609741210938,544.1882571116846
CD4+/CD8+,IkBa,IFNb,6.159333109855652,NaN
CD11b+/CD16-,pSTAT5,Ebola VLPs,18.587879180908203,214.2637505485655
pDCs,Ki67,IFNg,27.011815071105957,330.80435290354006
CD4+/CD8+,pZap70/Syk,GM-CSF,5.845229625701904,NaN
CD16+/CD11b-,pTBK1,PMAIono,14.104312181472778,119.0311885227523
CD11b+/CD16-,pCREB,Anthrax,56.43666744232178,760.8721302853554
Basophils,pS6,IL-12,49.78562927246094,881.9773576143689
CD11b-/CD16-,pTBK1,IL-6,12.607807874679565,82.71862474744482
B Cells,pSTAT6,IL-6,7.319742560386658,22.398037642115895
CD8+T cells,Ki67,Anthrax,13.771243572235107,78.1433335933232
CD16+/CD11b+,pSTAT1,IFNa2,90.88528251647949,2451.5096041363377
CD4+/CD8+,pSTAT3,IL-4,86.36568832397461,NaN
CD11b-/CD16-,pSTAT6,IL-2,8.784582138061523,44.7318586760192
CD11b+/CD16-,pMAPKAPK2,IL-12,13.118534803390503,30.89463833537321
CD11b-/CD16-,pErk1/2,CD40L,41.06342315673828,1012.0875631232701
CD8+T cells,pS6,IL-2,47.15940856933594,520.543292905763
CD11b+/CD16-,pSTAT5,TNFa,18.900651931762695,254.71755449708294
CD1c+ B cells,pS6,IL-2,79.00735282897949,NaN
CD11b+/CD16-,pSTAT3,IL-12,86.20733642578125,5641.205604023372
CD16+/CD11b-,p4E-BP1,Anthrax,20.87742280960083,52.03674837503086
B Cells,pErk1/2,IL-2,27.20208501815796,204.5374902470663
CD4+T cells,pMAPKAPK2,IL-6,5.82409405708313,7.750005540217812
CD8+T cells,pErk1/2,CD40L,27.333681106567383,224.9397823030621
CD4+/CD8+,pS6,Anthrax,80.42251586914062,NaN
Neutrophils,pS6,Basal,49.35473155975342,642.149403628442
Basophils,IkBa,TNFa,5.3917118310928345,6.740167251808519
CD16+/CD11b-,IkBa,IL-12,4.873721957206726,4.714950781297202
B Cells,pTBK1,TNFa,10.966319561004639,57.78642752032467
CD4+/CD8+,pSTAT4,Anthrax,8.258894920349121,NaN
CD8+T cells,pCREB,CD40L,21.687148094177246,89.52955641760414
CD16+/CD11b-,pSTAT3,IFNb,72.9557113647461,4573.529363474716
Neutrophils,pSTAT4,PMAIono,7.451638221740723,26.028613476597094
CD7+/HLA-DR-,Ki67,IL-6,11.510936975479126,48.38389529221132
CD4+/CD8+,pSTAT3,IFNg,89.38948822021484,NaN
CD8+T cells,Ki67,IFNg,13.244279384613037,72.44729462323062
CD1c+ B cells,pS6,IL-6,66.48895645141602,NaN
CD1c+ B cells,Ki67,TNFa,20.427781581878662,NaN
CD1c+ B cells,pPLCg2,GM-CSF,9.6298246383667,NaN
pDCs,pSTAT5,IL-12,16.495716094970703,181.59500584423535
Basophils,pS6,IFNa2,46.59133529663086,495.3578001907834
CD8+T cells,pPLCg2,CD40L,5.715675473213196,11.470168183065324
CD8+T cells,Ki67,CD40L,13.498145818710327,75.7245569776711
CD4+T cells,pCREB,Ebola VLPs,18.232577323913574,73.14961816512385
pDCs,pZap70/Syk,IFNg,4.95629608631134,5.663253549609232
Neutrophils,pSTAT1,IL-12,28.71256923675537,339.5346360663871
CD4+/CD8+,Ki67,IL-12,19.913826942443848,NaN
CD7+/HLA-DR-,pZap70/Syk,TNFa,3.97636216878891,4.0060730062737715
CD4+T cells,pCREB,R848,18.7716007232666,74.92199919753809
CD8+T cells,pSTAT3,IL-12,53.36864185333252,2604.602907079222
Basophils,pSTAT5,LPS,25.325180053710938,156.06182935924866
CD16+/CD11b-,pCREB,IL-12,40.82505702972412,420.5833575319861
CD16+/CD11b-,pSTAT6,TNFa,8.144089937210083,45.92803039355551
CD11b+/CD16-,pP38,PMAIono,17.103732585906982,132.34933850287888
CD16+/CD11b-,pP38,IL-4,21.27621030807495,172.81772218078177
CD8+T cells,pSTAT5,IFNg,11.83181619644165,54.359478166988524
CD1c+ B cells,pErk1/2,PMAIono,73.69016456604004,NaN
CD16+/CD11b+,pErk1/2,IL-4,77.05478858947754,2148.0355237439994
CD7+/HLA-DR-,pSTAT3,Basal,57.54605484008789,3540.9505259007947
CD16+/CD11b-,pS6,LPS,67.89089965820312,1275.5181962303416
CD7+/HLA-DR-,pPLCg2,IL-12,6.4012908935546875,18.29118646142754
Neutrophils,pP38,IL-2,12.162960052490234,42.629863709948374
CD11b+/CD16-,pTBK1,IFNa2,12.989549160003662,101.21940327859731
CD16+/CD11b+,Ki67,Anthrax,24.053446769714355,275.234908505712
CD7+/HLA-DR-,pCREB,Basal,22.039868354797363,124.72068726630826
CD7+/HLA-DR-,IkBa,IL-6,4.944381237030029,6.883506973282671
CD11b+/CD16-,pCREB,IL-12,49.5708589553833,596.1239513461895
CD7+/HLA-DR-,pSTAT5,R848,10.043134689331055,49.58648930091428
CD11b+/CD16-,pSTAT4,IL-6,16.409011363983154,96.16960266429807
Neutrophils,pSTAT3,IFNb,65.26214218139648,4056.391796295986
CD7+/HLA-DR-,pSTAT6,IFNb,7.166893005371094,18.225684451285606
pDCs,pSTAT5,Ebola VLPs,16.56445813179016,164.296052066351
B Cells,pSTAT5,PMAIono,13.38270115852356,70.790680034244
pDCs,pP38,GM-CSF,25.429592609405518,NaN
CD4+/CD8+,pSTAT5,TNFa,18.683334827423096,NaN
CD16+/CD11b-,pSTAT6,Ebola VLPs,8.19914436340332,39.546942806203276
CD4+T cells,pSTAT4,IL-6,9.197803258895874,22.31697346381713
CD11b-/CD16-,pP38,R848,39.32980537414551,448.8987820798856
B Cells,pTBK1,IFNg,10.88471508026123,63.66588337396836
pDCs,pMAPKAPK2,LPS,9.64592695236206,20.27195307730274
CD16+/CD11b+,p4E-BP1,IL-6,29.163081169128418,108.0995000518262
CD4+T cells,pSTAT6,IL-2,5.409181475639343,15.21635798608794
CD7+/HLA-DR-,pSTAT3,Ebola VLPs,58.67265605926514,3347.106907350993
CD16+/CD11b-,pErk1/2,IFNb,52.86603832244873,953.0293577076867
CD16+/CD11b+,pP38,TNFa,30.42946767807007,331.7739433098242
CD16+/CD11b-,pSTAT4,IL-6,12.725429058074951,66.71024071192639
CD8+T cells,pSTAT3,GM-CSF,48.67166519165039,2447.841127220071
CD16+/CD11b-,pMAPKAPK2,Anthrax,15.376811265945435,31.35018408698175
Neutrophils,pSTAT6,PMAIono,3.539272904396057,12.340528838828783
CD8+T cells,pTBK1,IFNb,6.376699447631836,23.544501302507143
CD7+/HLA-DR-,pP38,Anthrax,11.122666835784912,44.55129553242493
CD4+T cells,pSTAT1,Basal,21.114188194274902,132.47471712031833
CD16+/CD11b+,pS6,GM-CSF,87.37631607055664,2732.4235670950416
Neutrophils,pMAPKAPK2,Ebola VLPs,7.016183018684387,12.94101264878349
CD8+T cells,pZap70/Syk,IL-4,4.456890106201172,1.5589539662204988
CD4+T cells,pCREB,IL-12,18.707847118377686,83.19433945074954
CD4+T cells,pSTAT1,Ebola VLPs,22.585654258728027,146.9235581887199
CD11b+/CD16-,pErk1/2,R848,92.84705352783203,2031.5584006645183
CD11b-/CD16-,pSTAT6,IL-4,98.10916519165039,1811.2105580360858
Neutrophils,pPLCg2,IFNa2,7.00776207447052,16.458613981985366
Neutrophils,pSTAT3,Basal,57.47561073303223,4058.7275225428248
CD1c+ B cells,pSTAT4,Basal,9.596031069755554,NaN
CD11b+/CD16-,pPLCg2,IFNb,11.907146453857422,64.09861373293002
CD8+T cells,pP38,IFNg,14.492506504058838,50.14141027839073
CD1c+ B cells,pSTAT4,R848,10.70604157447815,NaN
CD7+/HLA-DR-,pPLCg2,LPS,6.101171970367432,16.119100380230044
CD8+T cells,pSTAT1,IFNg,18.712274074554443,90.536020649434
CD4+T cells,pTBK1,PMAIono,7.785292625427246,36.19694225691076
CD7+/HLA-DR-,pSTAT5,Anthrax,10.361775636672974,51.43146868831147
CD8+T cells,pErk1/2,R848,26.61471128463745,218.4712704052133
CD4+/CD8+,pTBK1,TNFa,10.247957706451416,NaN
CD16+/CD11b-,pMAPKAPK2,IL-6,12.766688823699951,20.366199943924872
CD4+/CD8+,pSTAT3,Basal,83.95916557312012,NaN
CD8+T cells,pSTAT5,PMAIono,11.669472455978394,60.32594906988209
CD16+/CD11b+,pErk1/2,TNFa,85.56433486938477,2169.8989295946058
B Cells,pErk1/2,IFNb,26.90794277191162,188.93751980306425
CD11b-/CD16-,pSTAT3,TNFa,66.3501148223877,3455.305850503867
Basophils,Ki67,IL-6,16.78929853439331,75.33609151028398
CD11b+/CD16-,pPLCg2,IL-4,11.945655822753906,61.43112168342038
CD16+/CD11b-,pMAPKAPK2,Basal,12.920155048370361,21.412233925485864
CD11b+/CD16-,pZap70/Syk,Anthrax,5.846498250961304,9.573778840825707
CD11b-/CD16-,pSTAT4,IL-12,13.234480381011963,58.01524901020428
CD4+/CD8+,pSTAT1,IL-2,37.063923835754395,NaN
Basophils,pSTAT4,IL-2,9.706378698348999,28.850662807083566
pDCs,pMAPKAPK2,PMAIono,11.491700410842896,63.65971402011563
CD11b+/CD16-,pSTAT1,IL-12,49.084641456604004,1033.0371276247072
pDCs,pS6,IFNg,66.40478134155273,1269.9399645959552
Neutrophils,pMAPKAPK2,IL-2,7.081951260566711,13.52052859068553
CD1c+ B cells,pSTAT1,IFNg,23.96782636642456,NaN
CD4+/CD8+,pTBK1,Anthrax,9.378844738006592,NaN
CD11b-/CD16-,pSTAT4,IFNg,13.716134786605835,49.98913842650921
pDCs,pTBK1,Anthrax,10.444114685058594,95.14217359373767
CD16+/CD11b+,Ki67,R848,21.99349355697632,220.32621736874063
CD7+/HLA-DR-,IkBa,TNFa,2.191735327243805,2.386910352784543
CD11b-/CD16-,Ki67,IFNg,36.68095016479492,525.3717104393245
pDCs,pSTAT1,PMAIono,20.12724781036377,242.68351630851663
CD16+/CD11b+,Ki67,IFNa2,22.956401824951172,319.71088970455276
CD7+/HLA-DR-,p4E-BP1,IL-6,6.151261925697327,4.49514033441324
pDCs,pCREB,IFNb,25.600217819213867,230.70195081960753
CD7+/HLA-DR-,pCREB,IL-6,21.617570400238037,123.18876120132117
CD16+/CD11b-,pSTAT6,IFNa2,11.459244728088379,50.71256096762965
CD11b+/CD16-,p4E-BP1,CD40L,30.898958206176758,135.99286374772404
CD11b+/CD16-,pSTAT5,IL-2,18.92276382446289,209.4193063198732
CD7+/HLA-DR-,pCREB,CD40L,21.54005527496338,126.52414810786357
Neutrophils,pP38,IFNb,11.76205587387085,39.46333185758174
CD7+/HLA-DR-,p4E-BP1,Basal,6.265650391578674,4.760686774450601
CD4+/CD8+,pTBK1,IL-6,8.542968511581421,NaN
Basophils,pPLCg2,IFNa2,6.843256711959839,11.318402104428946
pDCs,pPLCg2,IL-6,9.479703664779663,28.96715868933517
pDCs,pTBK1,IL-4,10.89323377609253,125.62696012488897
CD4+/CD8+,pSTAT1,IL-6,53.47580528259277,NaN
CD11b-/CD16-,p4E-BP1,CD40L,39.30221748352051,211.53364376165538
CD8+T cells,pSTAT1,IL-12,20.08081817626953,115.16228707178959
CD1c+ B cells,pCREB,IL-6,26.088275909423828,NaN
Basophils,pSTAT4,CD40L,9.806745529174805,29.379662455892984
CD4+T cells,pS6,Basal,45.946434020996094,441.7895258376872
Neutrophils,pPLCg2,PMAIono,7.895002126693726,21.100238126391393
Basophils,pP38,IL-12,11.114380359649658,50.89531780526508
CD7+/HLA-DR-,pSTAT1,IL-6,6.326421022415161,16.66881951574459
CD1c+ B cells,pSTAT5,Basal,18.487502574920654,NaN
CD1c+ B cells,pPLCg2,PMAIono,11.778337240219116,NaN
CD4+T cells,IkBa,CD40L,6.432954788208008,11.643413360149308
CD4+T cells,p4E-BP1,Anthrax,9.120943546295166,6.497743845322059
Basophils,pSTAT5,GM-CSF,107.24974632263184,966.7994483782251
B Cells,pCREB,IFNb,19.517757415771484,88.44980998094185
B Cells,pMAPKAPK2,IL-4,6.49103307723999,8.652649138892594
CD16+/CD11b+,pSTAT5,R848,22.33659029006958,322.33241768223286
CD11b+/CD16-,p4E-BP1,IL-4,32.85260200500488,136.48737910621853
CD1c+ B cells,pSTAT6,Basal,9.02461552619934,NaN
B Cells,pSTAT5,R848,13.219400644302368,68.256660366263
CD11b-/CD16-,pS6,Anthrax,72.9271297454834,1368.7720616688966
CD11b-/CD16-,pMAPKAPK2,IL-12,10.113161325454712,20.2910860165872
CD8+T cells,pCREB,R848,20.707222938537598,91.04642500439289
Basophils,p4E-BP1,PMAIono,10.791103839874268,11.418734107655066
CD16+/CD11b+,pZap70/Syk,IL-12,6.793730616569519,16.865223957376994
CD4+T cells,pZap70/Syk,IL-2,4.667367696762085,1.904301256235455
pDCs,pSTAT1,TNFa,19.453063011169434,218.09579455714047
CD11b+/CD16-,pCREB,TNFa,60.3883113861084,671.0912850566908
CD11b+/CD16-,pZap70/Syk,Ebola VLPs,5.643190860748291,9.203488319638327
CD11b+/CD16-,pSTAT4,LPS,14.923095464706421,78.74675117032719
CD16+/CD11b-,pSTAT6,CD40L,8.125362277030945,42.167543974814215
CD16+/CD11b-,pSTAT6,IL-4,72.63045501708984,1018.5276251692223
CD11b-/CD16-,pSTAT4,CD40L,13.728620767593384,54.46449464366693
CD8+T cells,pCREB,IFNb,20.701759815216064,95.78513429511524
CD4+T cells,IkBa,GM-CSF,6.735401749610901,12.00879190534866
CD8+T cells,pErk1/2,IL-12,27.336149215698242,240.23955694597993
CD16+/CD11b-,p4E-BP1,IFNb,20.174793243408203,67.09966543719993
CD1c+ B cells,pSTAT3,Basal,57.823251724243164,NaN
CD16+/CD11b-,pSTAT6,IL-12,7.914190053939819,50.29475201383014
CD11b+/CD16-,pSTAT1,PMAIono,63.12153625488281,1363.7465267750367
CD4+/CD8+,pSTAT4,IFNg,7.82941997051239,NaN
CD4+T cells,pSTAT4,CD40L,7.223402738571167,17.92191582307955
CD16+/CD11b+,pPLCg2,IL-6,16.071221351623535,158.80486135577988
CD8+T cells,pPLCg2,Basal,5.5303720235824585,10.391442405965723
CD4+T cells,pZap70/Syk,R848,4.673676252365112,1.8927596466514474
CD11b+/CD16-,pSTAT5,IFNg,32.09163999557495,309.6360634271467
CD1c+ B cells,pZap70/Syk,IL-6,6.588878870010376,NaN
CD4+/CD8+,Ki67,Ebola VLPs,17.92800521850586,NaN
CD7+/HLA-DR-,Ki67,IL-12,11.584731817245483,55.48941590529046
Basophils,pPLCg2,Anthrax,7.5505287647247314,17.85634598971638
CD4+/CD8+,pErk1/2,PMAIono,60.70626735687256,NaN
CD16+/CD11b+,pZap70/Syk,IL-4,7.067763447761536,15.443557053931213
CD16+/CD11b-,pMAPKAPK2,IFNb,12.272535562515259,18.90280939691075
CD16+/CD11b+,Ki67,CD40L,24.29722261428833,298.9778499031503
CD16+/CD11b+,pSTAT6,IL-12,7.426827907562256,77.46250131615498
CD1c+ B cells,pSTAT6,IL-2,10.765684604644775,NaN
CD16+/CD11b+,pSTAT6,IL-2,8.055614709854126,68.01224206568844
CD11b+/CD16-,pSTAT4,IL-12,16.427531242370605,102.97831118984145
CD16+/CD11b+,Ki67,LPS,21.16438102722168,273.6389020854076
Basophils,pSTAT3,Basal,48.884488105773926,4203.215071756162
CD1c+ B cells,pCREB,TNFa,23.78653907775879,NaN
CD4+/CD8+,pCREB,LPS,31.470579624176025,NaN
CD4+T cells,pPLCg2,IFNb,5.60298764705658,11.077623765534904
CD16+/CD11b+,pSTAT4,Basal,17.831260681152344,139.75415367605132
CD11b+/CD16-,IkBa,R848,5.446050643920898,6.169397210516102
B Cells,Ki67,Anthrax,17.55995798110962,99.25902434410405
Basophils,pErk1/2,GM-CSF,62.471635818481445,687.1625985184952
CD8+T cells,pSTAT3,IL-4,49.65557098388672,2497.4702864075766
CD11b-/CD16-,pTBK1,IFNb,11.922912120819092,78.07446824699653
CD8+T cells,pS6,IFNg,45.290029525756836,442.91761459948174
B Cells,pSTAT5,Basal,12.759955167770386,70.90204177673311
Basophils,pCREB,PMAIono,39.74489402770996,546.9471864592311
pDCs,pSTAT4,IFNa2,11.445839881896973,52.82309495240952
CD11b+/CD16-,pSTAT5,IL-12,18.680219650268555,250.9158357225902
CD4+/CD8+,pSTAT6,IL-2,6.9158935546875,NaN
CD4+T cells,pMAPKAPK2,IFNb,5.778079032897949,7.806004352076803
CD16+/CD11b+,pS6,CD40L,84.39551734924316,2651.509216154253
CD1c+ B cells,pS6,Ebola VLPs,66.97103118896484,NaN
CD4+/CD8+,pErk1/2,Basal,44.19296169281006,NaN
pDCs,pSTAT4,IFNb,10.515591144561768,57.58739746104618
B Cells,pMAPKAPK2,LPS,6.409886598587036,8.491868657893457
CD16+/CD11b+,pPLCg2,LPS,16.543770790100098,202.6992825709206
Basophils,pZap70/Syk,IL-12,3.182795822620392,3.27863330383328
CD4+/CD8+,Ki67,CD40L,19.464412689208984,223.32252811426358
CD11b-/CD16-,pSTAT4,Basal,13.819440364837646,53.36003193177834
CD16+/CD11b+,p4E-BP1,R848,27.801381587982178,79.73141258963058
CD7+/HLA-DR-,pSTAT6,IL-2,6.745471000671387,19.17487598754671
pDCs,Ki67,Ebola VLPs,25.330060482025146,343.8737082829936
CD16+/CD11b+,pTBK1,PMAIono,15.047232151031494,225.219218811553
Neutrophils,Ki67,Basal,10.354641914367676,61.913105123655164
Basophils,pZap70/Syk,R848,3.0357752442359924,2.6791604006786462
CD16+/CD11b+,pP38,PMAIono,18.6180739402771,204.79299216886506
CD11b-/CD16-,pS6,IFNg,73.18493270874023,1264.6640844424332
CD11b-/CD16-,pErk1/2,R848,56.95153331756592,1285.9194759692214
CD16+/CD11b+,pMAPKAPK2,CD40L,15.779545068740845,43.082345585567914
CD11b+/CD16-,pP38,R848,49.44080352783203,590.3238878818695
Basophils,p4E-BP1,IFNg,11.726409673690796,12.040975302758786
Neutrophils,pMAPKAPK2,PMAIono,8.593060493469238,20.96318336166854
CD4+T cells,IkBa,IL-6,6.406289100646973,11.488943290888734
CD4+/CD8+,pCREB,IL-6,30.7671480178833,NaN
CD16+/CD11b-,pSTAT5,TNFa,19.797982215881348,235.70639586270576
CD16+/CD11b+,pP38,IL-4,21.39590311050415,197.88607952566406
CD11b+/CD16-,pP38,IL-12,18.07895278930664,135.95212209478635
CD11b+/CD16-,pSTAT3,CD40L,84.45929718017578,5408.454280238074
Basophils,pSTAT3,IL-2,55.618651390075684,4285.006682777097
B Cells,pSTAT3,IFNb,46.498680114746094,2294.987768493174
CD7+/HLA-DR-,pSTAT4,IL-2,7.161826252937317,14.186195219240522
CD4+T cells,pZap70/Syk,IFNa2,4.598342657089233,1.7829932459521505
CD16+/CD11b-,pTBK1,IL-12,13.62468147277832,122.0206712102661
B Cells,Ki67,IFNb,16.73310661315918,91.1892987003496
CD4+/CD8+,pSTAT3,IFNb,95.05439949035645,NaN
Basophils,pMAPKAPK2,IL-6,7.64338481426239,13.0947278255779
Neutrophils,pTBK1,R848,7.594459295272827,26.023191361573904
CD16+/CD11b-,pS6,IL-12,71.0029468536377,1395.5267733684555
B Cells,pS6,IFNa2,43.55092430114746,326.60547801486257
CD4+/CD8+,pErk1/2,IFNa2,48.7589750289917,NaN
CD11b-/CD16-,pSTAT3,CD40L,61.952569007873535,3263.0069990929783
CD7+/HLA-DR-,pSTAT1,IL-2,5.843104720115662,10.30522726616741
CD7+/HLA-DR-,pSTAT4,LPS,6.16021728515625,12.772990935193997
CD16+/CD11b-,IkBa,IFNb,4.767951130867004,4.4092754323336845
CD11b-/CD16-,IkBa,R848,5.318334460258484,6.200799478079084
CD11b+/CD16-,pPLCg2,IL-2,11.958167552947998,56.36092213951673
CD11b-/CD16-,pErk1/2,TNFa,55.52279758453369,871.1656398983032
B Cells,pSTAT6,LPS,7.220355749130249,23.138065600114928
B Cells,pSTAT3,LPS,39.040666580200195,2291.2426122180705
CD1c+ B cells,Ki67,IL-6,22.67144775390625,NaN
CD4+/CD8+,pSTAT6,TNFa,5.5328710079193115,NaN
B Cells,pSTAT4,Anthrax,8.975492000579834,21.93024796858275
CD8+T cells,pSTAT5,LPS,11.388772010803223,57.39222761061701
CD11b-/CD16-,pP38,IL-12,18.804749011993408,137.5365362732632
CD4+/CD8+,pP38,IFNg,20.519370555877686,NaN
CD4+/CD8+,pSTAT1,R848,38.124977111816406,NaN
CD7+/HLA-DR-,IkBa,IFNg,5.1139363050460815,7.405230316791466
CD8+T cells,pSTAT4,R848,6.015958786010742,11.445019683139943
CD11b-/CD16-,pMAPKAPK2,Ebola VLPs,10.452831506729126,19.706507326473158
CD16+/CD11b-,p4E-BP1,Basal,22.29854965209961,84.87630764466846
CD16+/CD11b-,pSTAT4,PMAIono,12.485962867736816,54.98593149147706
Neutrophils,pPLCg2,IL-12,7.7195669412612915,18.63748689729818
Basophils,pPLCg2,IL-4,6.858198404312134,11.517986074320065
B Cells,pSTAT1,IL-12,5.872075438499451,10.33694984896991
Neutrophils,pSTAT1,R848,28.508705139160156,314.55618487153555
CD1c+ B cells,pErk1/2,IL-12,39.586466789245605,NaN
CD4+T cells,pSTAT1,GM-CSF,21.71499013900757,155.10992505797208
B Cells,pZap70/Syk,IL-2,4.056122422218323,4.056024214452275
pDCs,pZap70/Syk,Basal,4.779530763626099,5.852790499665764
B Cells,pP38,IL-6,17.886317253112793,85.82423585550403
CD11b-/CD16-,pSTAT4,PMAIono,12.595458984375,50.40146261216172
CD16+/CD11b-,Ki67,IFNa2,19.05232858657837,185.2492430913796
CD4+T cells,pErk1/2,LPS,28.47765016555786,234.7497300078208
B Cells,pP38,PMAIono,19.9875431060791,125.53781325021467
Basophils,pS6,LPS,46.535282135009766,535.3477591438425
CD11b-/CD16-,pSTAT6,IFNb,22.343116283416748,160.6436260484789
CD4+/CD8+,pTBK1,PMAIono,9.28390908241272,NaN
CD16+/CD11b+,pTBK1,IFNg,14.528244018554688,283.40791184541223
CD16+/CD11b+,pZap70/Syk,IFNb,6.642675876617432,14.630853374961186
CD8+T cells,pSTAT1,IFNa2,31.235703945159912,191.88117880026286
Basophils,pSTAT6,Ebola VLPs,6.536657452583313,22.588547901314325
Basophils,pMAPKAPK2,Anthrax,8.668980598449707,15.955147370789302
CD16+/CD11b-,pSTAT5,Anthrax,20.588977813720703,215.86078651056494
CD16+/CD11b-,pSTAT6,IL-2,8.465637922286987,39.77542682183395
CD4+/CD8+,pCREB,GM-CSF,29.212653160095215,NaN
CD1c+ B cells,pSTAT5,LPS,19.144378185272217,NaN
CD1c+ B cells,pSTAT6,IL-6,10.330409288406372,NaN
CD11b+/CD16-,pErk1/2,IL-12,72.64743041992188,1818.885502670897
CD4+T cells,pPLCg2,CD40L,5.472733497619629,10.65315428268854
CD16+/CD11b+,IkBa,Anthrax,5.564178109169006,9.223152703365802
Basophils,pZap70/Syk,TNFa,2.8484497666358948,2.5618495279948723
CD8+T cells,pSTAT3,Ebola VLPs,48.92414093017578,2415.711356249769
B Cells,pSTAT5,IL-6,13.10282278060913,66.23587636185604
pDCs,pSTAT3,IL-4,65.90872955322266,2458.1328664794974
CD4+/CD8+,pErk1/2,LPS,50.30195426940918,NaN
pDCs,Ki67,IL-2,26.246939659118652,343.9806515799664
CD11b+/CD16-,pSTAT5,PMAIono,18.097603797912598,259.1399408441317
Basophils,p4E-BP1,Basal,11.520852088928223,12.277796228732479
CD4+/CD8+,pSTAT5,GM-CSF,18.212992668151855,NaN
CD8+T cells,pZap70/Syk,IFNa2,4.337993383407593,1.5054520780253697
CD7+/HLA-DR-,pSTAT5,IL-4,10.412176609039307,52.23167734531329
CD16+/CD11b-,pMAPKAPK2,PMAIono,15.422557353973389,29.605059591368654
CD4+T cells,pS6,Anthrax,46.984846115112305,474.02323071210037
Basophils,pMAPKAPK2,LPS,7.885956883430481,11.982993482389432
CD16+/CD11b-,pZap70/Syk,PMAIono,6.429394364356995,7.827710019077143
CD11b-/CD16-,pTBK1,TNFa,24.076891899108887,178.9015566610752
CD16+/CD11b+,pSTAT5,Anthrax,22.321760177612305,358.9164747523441
pDCs,pSTAT6,Ebola VLPs,8.167778015136719,42.12583712614939
B Cells,IkBa,PMAIono,4.398360729217529,6.184540139856151
CD7+/HLA-DR-,pS6,R848,40.844533920288086,527.094401257027
Basophils,pS6,PMAIono,51.931159019470215,1271.1359766194428
CD8+T cells,p4E-BP1,Anthrax,7.100553631782532,4.011324153337727
CD8+T cells,pCREB,PMAIono,28.021995544433594,215.4786660557611
CD7+/HLA-DR-,pErk1/2,IFNg,23.16817331314087,227.8068535723325
Neutrophils,pS6,Anthrax,51.562578201293945,701.7596329675533
B Cells,IkBa,LPS,5.16654109954834,9.09919466572196
CD16+/CD11b+,pTBK1,IFNa2,14.562230110168457,201.9026475484819
CD4+T cells,pP38,IL-2,15.195393562316895,56.73042295925635
pDCs,pSTAT4,IL-6,10.1240394115448,46.88451063901274
CD11b+/CD16-,Ki67,CD40L,28.53688335418701,286.0554688025116
CD7+/HLA-DR-,IkBa,IL-4,5.206277370452881,6.897364028037487
CD7+/HLA-DR-,pErk1/2,LPS,23.483928680419922,246.14889625597647
CD1c+ B cells,pTBK1,Basal,15.115352630615234,NaN
CD1c+ B cells,pTBK1,Ebola VLPs,16.27819848060608,NaN
CD4+T cells,p4E-BP1,LPS,8.959821462631226,6.363844291909112
CD4+/CD8+,pP38,Ebola VLPs,18.97498893737793,NaN
CD4+/CD8+,pErk1/2,R848,49.06497287750244,NaN
CD11b-/CD16-,pSTAT3,PMAIono,63.23162651062012,4032.0125108276584
CD8+T cells,pSTAT1,TNFa,20.181174278259277,96.3600197680768
CD8+T cells,IkBa,GM-CSF,5.511428236961365,8.473349450175922
CD16+/CD11b-,pTBK1,IFNg,13.967931985855103,114.2234896509167
CD11b+/CD16-,pSTAT3,Basal,83.47597312927246,4983.189387422179
B Cells,Ki67,IFNa2,16.872499465942383,88.66465936917827
CD1c+ B cells,pZap70/Syk,IL-2,6.974729895591736,NaN
Basophils,pCREB,IL-4,32.29624557495117,252.4276398546878
CD8+T cells,p4E-BP1,Ebola VLPs,6.95267379283905,3.570258614868449
CD8+T cells,IkBa,Anthrax,5.268970012664795,9.271715624319711
CD4+T cells,pZap70/Syk,Basal,4.649982333183289,1.7428053674367938
CD4+/CD8+,Ki67,IL-6,17.988704204559326,NaN
pDCs,pZap70/Syk,Anthrax,4.974375486373901,6.288720380342788
Neutrophils,pSTAT4,IFNb,8.00887155532837,29.54125889921709
Neutrophils,pZap70/Syk,IFNb,8.27643346786499,6.538658246057935
CD16+/CD11b-,pCREB,LPS,49.1000919342041,539.8427414827943
CD4+/CD8+,Ki67,IFNb,17.474944591522217,NaN
CD4+/CD8+,pPLCg2,PMAIono,11.07396411895752,NaN
Neutrophils,pErk1/2,IFNg,85.22479820251465,1825.9548730680247
Neutrophils,pSTAT6,IFNb,4.103642225265503,13.757930662942183
Neutrophils,pPLCg2,IFNg,6.9460331201553345,15.439663852268954
Neutrophils,IkBa,Basal,2.4005573987960815,1.3646063738582008
CD16+/CD11b-,pZap70/Syk,IFNa2,6.673915505409241,9.119956873664497
Basophils,pSTAT4,GM-CSF,9.179413795471191,23.842512566542435
CD16+/CD11b-,Ki67,CD40L,19.653072357177734,195.46409323647399
CD8+T cells,pSTAT5,IL-4,12.75188422203064,59.2976692207845
CD11b+/CD16-,IkBa,IL-4,8.345648288726807,20.249173965592064
pDCs,pS6,GM-CSF,74.41024589538574,NaN
CD16+/CD11b-,pTBK1,Basal,13.775565147399902,120.24967507431943
CD4+T cells,pSTAT4,TNFa,7.148596525192261,17.074873940413948
pDCs,pS6,LPS,64.32400798797607,969.6984058371329
pDCs,pSTAT6,LPS,8.380613327026367,50.68064642871043
CD8+T cells,pSTAT5,CD40L,11.78483271598816,57.53653250700166
CD7+/HLA-DR-,pS6,PMAIono,40.94135284423828,553.1486328690653
Neutrophils,pSTAT1,IL-2,25.628770351409912,251.4889375570703
CD8+T cells,Ki67,IL-6,13.203612565994263,73.3934003190723
CD16+/CD11b-,pP38,IL-6,20.003308296203613,147.33360759236453
CD11b-/CD16-,pTBK1,Ebola VLPs,12.562158584594727,83.30497091696725
CD7+/HLA-DR-,pP38,Basal,11.32182264328003,41.13561416600936
CD4+T cells,IkBa,IL-4,6.347405552864075,12.089087363309327
CD11b-/CD16-,pSTAT5,LPS,16.803277015686035,166.48036217430396
CD7+/HLA-DR-,pP38,IFNa2,11.181154489517212,42.91305033809219
B Cells,pS6,LPS,43.73063373565674,344.6796053500056
CD8+T cells,pSTAT5,IL-12,11.727054834365845,62.29445981439128
Neutrophils,pSTAT6,R848,3.7866016030311584,10.605072084339326
CD1c+ B cells,pP38,LPS,26.438401699066162,NaN
CD16+/CD11b-,pSTAT6,LPS,7.476889133453369,43.23654035094241
pDCs,pSTAT1,Anthrax,19.280024528503418,203.03705913078343
CD7+/HLA-DR-,p4E-BP1,GM-CSF,6.161099314689636,4.3585332089951825
CD8+T cells,pZap70/Syk,Ebola VLPs,4.379859447479248,1.5091925254885483
CD1c+ B cells,IkBa,IFNa2,11.225283145904541,NaN
Neutrophils,pSTAT6,CD40L,3.6955714225769043,11.024921637128081
CD16+/CD11b+,pCREB,IL-12,51.28768539428711,883.989426393712
CD4+/CD8+,pS6,CD40L,77.16137313842773,5337.287409691052
CD7+/HLA-DR-,pSTAT5,CD40L,10.181049823760986,53.255882430151765
Neutrophils,pErk1/2,PMAIono,101.43216705322266,2234.3317471006876
B Cells,pMAPKAPK2,TNFa,6.540178894996643,8.380630150548077
Neutrophils,pP38,IFNg,12.405014991760254,39.84156946320186
Basophils,pPLCg2,PMAIono,7.966349124908447,31.273697491979608
CD11b-/CD16-,pSTAT6,PMAIono,8.042781114578247,41.32948915770513
CD11b+/CD16-,pCREB,IL-2,50.50225830078125,657.5044173130078
CD16+/CD11b-,pPLCg2,LPS,16.361538887023926,103.87903992569879
pDCs,IkBa,IFNb,10.086781024932861,28.910309266170284
B Cells,pCREB,IL-6,19.272619247436523,78.00474794711484
pDCs,pSTAT3,R848,72.46441268920898,3277.7820834133145
CD11b+/CD16-,pCREB,GM-CSF,59.72868537902832,672.3155958922567
pDCs,pS6,IL-4,66.31049346923828,948.72199592127
CD16+/CD11b-,Ki67,IFNg,19.165419578552246,169.57598555090306
CD16+/CD11b-,pSTAT4,IFNb,12.948609352111816,72.25601652289491
Neutrophils,p4E-BP1,Anthrax,7.182384014129639,7.450634352659669
CD1c+ B cells,pSTAT5,PMAIono,20.810225248336792,NaN
pDCs,pP38,CD40L,20.99817180633545,188.8097604932017
CD11b-/CD16-,pSTAT1,CD40L,28.211816787719727,404.2005457019799
CD16+/CD11b+,pZap70/Syk,Anthrax,6.864759087562561,18.145389759360025
CD11b-/CD16-,pZap70/Syk,IFNa2,5.017886757850647,6.156548012874602
CD11b+/CD16-,pSTAT6,CD40L,7.7877113819122314,48.484200924257834
CD11b-/CD16-,pCREB,Ebola VLPs,34.702064514160156,348.9714491428211
CD11b-/CD16-,pSTAT4,TNFa,13.506996870040894,53.91814850425889
B Cells,pCREB,IFNa2,18.996451377868652,80.29466489991212
CD11b-/CD16-,pSTAT1,LPS,29.90146827697754,468.7967859924391
B Cells,IkBa,Anthrax,5.224896550178528,9.108313473535471
CD16+/CD11b+,Ki67,Basal,23.716267585754395,352.69050789228703
CD4+T cells,pS6,IL-4,46.301939964294434,448.818773541834
CD1c+ B cells,p4E-BP1,IL-4,32.56834077835083,NaN
Basophils,pTBK1,R848,11.696749687194824,75.69738735268167
pDCs,p4E-BP1,IL-4,39.34789752960205,224.33117100783784
CD4+T cells,Ki67,Basal,17.23509407043457,108.38459815658817
B Cells,pSTAT4,IFNb,8.808906555175781,18.228626382173225
CD8+T cells,pErk1/2,Anthrax,26.928289890289307,220.26589791743731
CD16+/CD11b+,pSTAT6,GM-CSF,8.416715621948242,75.73583186523341
CD16+/CD11b+,pSTAT5,LPS,21.17064905166626,437.0593560110073
CD11b+/CD16-,IkBa,Ebola VLPs,8.218992233276367,20.72277860204103
CD1c+ B cells,Ki67,IFNb,23.9520845413208,NaN
CD11b-/CD16-,pMAPKAPK2,IL-4,10.710336208343506,19.41880774986639
B Cells,pSTAT1,IFNb,14.366857051849365,34.832023934982786
Basophils,IkBa,IFNb,5.99386727809906,6.869439299357659
Neutrophils,Ki67,R848,9.94746446609497,51.28660319721895
Basophils,pSTAT5,IL-4,26.35970640182495,157.5668427208056
CD4+/CD8+,pSTAT5,IL-2,76.73088073730469,NaN
CD11b+/CD16-,pSTAT6,IL-2,7.768993854522705,45.67316704308419
B Cells,pP38,R848,19.83600950241089,98.50409888192078
CD7+/HLA-DR-,Ki67,PMAIono,11.874718427658081,53.88221151523086
CD4+T cells,pSTAT5,PMAIono,12.553404808044434,67.78220438092036
CD1c+ B cells,pSTAT6,TNFa,9.863888025283813,NaN
Basophils,pSTAT5,PMAIono,26.386417388916016,250.29742903605276
CD4+T cells,pCREB,IL-2,19.10483741760254,82.4347971116537
CD4+T cells,pSTAT5,R848,12.400099515914917,58.28801652742002
Basophils,pSTAT5,Basal,25.58601427078247,160.40644355569648
Neutrophils,pSTAT1,LPS,29.577860832214355,357.77651898677186
pDCs,pSTAT1,LPS,17.84816884994507,325.99350934067917
CD4+/CD8+,IkBa,GM-CSF,6.560683608055115,NaN
CD16+/CD11b+,pCREB,IL-6,53.679019927978516,771.0792786926586
CD4+/CD8+,pZap70/Syk,IFNb,6.064767837524414,NaN
CD7+/HLA-DR-,pSTAT1,TNFa,6.033674478530884,12.973939698973572
Neutrophils,pSTAT1,CD40L,30.332005500793457,374.04738480828047
Neutrophils,pMAPKAPK2,TNFa,11.077868700027466,21.055435528419128
pDCs,Ki67,IL-6,27.689754009246826,328.80477368851723
CD16+/CD11b+,pTBK1,TNFa,46.17456817626953,1029.8051700858052
CD7+/HLA-DR-,pS6,IL-12,41.428279876708984,564.6369926441693
CD8+T cells,pSTAT3,Basal,47.85758399963379,2486.0407943117325
CD11b+/CD16-,pPLCg2,Ebola VLPs,12.175220727920532,60.68712327246259
Neutrophils,pS6,IL-12,50.684502601623535,676.6938376174912
CD8+T cells,pErk1/2,IL-6,27.226476192474365,219.47061897820765
pDCs,pZap70/Syk,TNFa,4.789966344833374,6.921802406282773
CD4+T cells,pPLCg2,IL-6,5.611521005630493,10.421633023341522
CD16+/CD11b+,Ki67,GM-CSF,23.747092247009277,325.59928922605684
CD4+T cells,pErk1/2,IFNg,27.354936599731445,205.1211263198801
CD1c+ B cells,pSTAT1,IFNa2,23.660937309265137,NaN
CD1c+ B cells,IkBa,CD40L,8.940403461456299,NaN
CD11b-/CD16-,pSTAT4,Ebola VLPs,13.687744855880737,56.59627368456802
CD7+/HLA-DR-,pZap70/Syk,R848,4.048870801925659,4.0718564228700105
pDCs,pS6,R848,70.4058609008789,1151.6958636886525
CD1c+ B cells,IkBa,IL-2,11.266054630279541,NaN
CD4+T cells,pP38,IFNb,14.510437250137329,55.77760877614172
B Cells,IkBa,R848,4.152345657348633,5.830575572027532
CD7+/HLA-DR-,pTBK1,IFNa2,7.581419944763184,34.146833925439886
CD7+/HLA-DR-,pTBK1,Basal,7.515349268913269,32.3959844221339
CD16+/CD11b+,pCREB,LPS,59.36876583099365,1210.9807446834855
CD1c+ B cells,pTBK1,IFNg,16.604719877243042,NaN
Basophils,pS6,IFNg,48.00466537475586,494.704801909943
CD4+/CD8+,p4E-BP1,IFNg,9.825740814208984,NaN
CD4+T cells,IkBa,TNFa,3.4002206921577454,3.7724080879329382
Basophils,pSTAT6,Anthrax,6.658643007278442,25.45610273399918
CD7+/HLA-DR-,pSTAT4,GM-CSF,6.073624014854431,12.225035925849161
CD16+/CD11b-,p4E-BP1,R848,18.699851036071777,41.08425520266031
CD11b+/CD16-,pErk1/2,IL-4,74.64416694641113,1685.165711159725
CD11b+/CD16-,pErk1/2,IFNg,73.03610038757324,1604.2744296170936
Neutrophils,IkBa,IFNa2,2.3553964495658875,1.1497781462303935
CD4+T cells,pSTAT4,IL-2,7.2548298835754395,16.793317710293255
Basophils,pZap70/Syk,Basal,2.830503821372986,2.6682613461721205
CD7+/HLA-DR-,IkBa,Ebola VLPs,5.213990807533264,6.787999065955305
pDCs,IkBa,TNFa,3.60168993473053,5.645827617189653
Neutrophils,pErk1/2,IFNa2,83.10367774963379,1692.9967055530888
CD1c+ B cells,pErk1/2,IFNb,34.579501152038574,NaN
CD7+/HLA-DR-,pP38,GM-CSF,11.17673635482788,40.9731120473957
CD4+/CD8+,pSTAT4,R848,8.248744010925293,NaN
CD8+T cells,pSTAT1,GM-CSF,20.188404083251953,106.87011981876319
B Cells,pCREB,LPS,19.215035915374756,82.49800603148051
Neutrophils,pCREB,LPS,24.738746643066406,126.71921051332001
CD16+/CD11b-,pMAPKAPK2,TNFa,16.415466785430908,27.07643337390857
CD11b-/CD16-,pS6,IL-2,72.31745910644531,1438.8410534661446
CD16+/CD11b-,Ki67,Anthrax,18.988688468933105,183.32419607894226
CD1c+ B cells,pSTAT4,CD40L,9.891205787658691,NaN
CD16+/CD11b-,pSTAT3,TNFa,68.70795631408691,4457.365044481477
pDCs,pSTAT1,IFNb,44.046396255493164,657.7604681391376
CD7+/HLA-DR-,pTBK1,IL-4,7.835635185241699,36.12193049203892
CD11b-/CD16-,pSTAT1,Anthrax,27.31905746459961,385.3800918586129
B Cells,pSTAT1,IL-2,5.885917782783508,10.250878038195584
CD4+T cells,pMAPKAPK2,Anthrax,6.023028016090393,8.070430856556612
CD11b+/CD16-,p4E-BP1,Ebola VLPs,33.25589084625244,134.43990592941591
CD8+T cells,pP38,R848,14.092134952545166,48.957659617354295
CD1c+ B cells,Ki67,Basal,21.260355949401855,NaN
CD4+/CD8+,pSTAT4,TNFa,8.031911969184875,NaN
pDCs,pPLCg2,R848,10.23577332496643,31.871386106873697
CD16+/CD11b-,pP38,PMAIono,19.459353923797607,152.69393417925437
Basophils,pSTAT4,IFNb,9.756238460540771,27.266037520233517
Basophils,pZap70/Syk,IL-6,2.95577335357666,2.696368591612353
B Cells,pMAPKAPK2,IL-6,6.531493663787842,8.045711101181341
CD16+/CD11b-,pSTAT3,IL-4,65.8879566192627,4661.057102119309
pDCs,pSTAT1,IL-4,17.68376398086548,231.28059116697577
B Cells,pZap70/Syk,CD40L,4.037821054458618,3.914313591897515
CD16+/CD11b-,p4E-BP1,GM-CSF,19.911261081695557,56.74730295360579
CD11b-/CD16-,pMAPKAPK2,Basal,10.596683502197266,19.204507348291095
CD16+/CD11b-,pSTAT5,IL-2,20.156158447265625,207.75692340702477
CD1c+ B cells,pZap70/Syk,R848,6.432129383087158,NaN
CD1c+ B cells,p4E-BP1,IL-2,36.02955150604248,NaN
Neutrophils,pCREB,IFNa2,23.107407093048096,118.4230035735902
CD11b+/CD16-,pSTAT3,IFNa2,88.12157440185547,5203.467628168119
pDCs,IkBa,IL-4,10.781473398208618,30.09659203615817
CD16+/CD11b+,pSTAT5,IL-6,22.54435920715332,353.2445375576199
Basophils,pP38,IL-6,10.417447328567505,33.13191458838698
CD11b+/CD16-,pTBK1,R848,188.05541229248047,10596.961482269797
CD11b-/CD16-,pCREB,TNFa,51.39678192138672,598.7553600394153
CD16+/CD11b-,pPLCg2,IL-4,14.607837438583374,89.58706458087389
CD11b-/CD16-,pSTAT5,CD40L,16.93658685684204,153.23690689722446
B Cells,pZap70/Syk,IFNb,3.9151431918144226,3.4232899885319967
CD4+/CD8+,pSTAT3,PMAIono,94.83514595031738,NaN
CD7+/HLA-DR-,pS6,TNFa,41.88069820404053,569.7558777290772
CD7+/HLA-DR-,pSTAT6,Basal,4.989036321640015,15.127625466238554
CD1c+ B cells,IkBa,IL-6,11.753732681274414,NaN
CD11b+/CD16-,pS6,IFNg,76.11590766906738,1656.3112286262383
CD11b+/CD16-,pCREB,IFNb,50.0831413269043,603.0714372679037
CD1c+ B cells,pSTAT3,IFNa2,64.53974723815918,NaN
CD1c+ B cells,pSTAT6,Ebola VLPs,8.90490460395813,NaN
Neutrophils,pSTAT1,IFNg,33.94583797454834,326.64695594627875
Basophils,p4E-BP1,Ebola VLPs,11.516901016235352,11.295304424469382
CD8+T cells,p4E-BP1,GM-CSF,6.95510458946228,3.689371605570878
CD7+/HLA-DR-,pErk1/2,PMAIono,27.674396514892578,373.60679072010464
pDCs,pP38,Anthrax,20.68108558654785,165.82640698465207
CD11b-/CD16-,pCREB,IL-12,34.80886459350586,367.2542476609543
B Cells,pS6,Ebola VLPs,44.005553245544434,322.33109057925867
CD4+T cells,pCREB,LPS,17.93187665939331,75.39791162405884
pDCs,pS6,IFNa2,65.53089141845703,1040.0177936004388
Neutrophils,pSTAT5,IFNg,20.697006225585938,128.4084959612508
Neutrophils,pSTAT3,IL-2,58.2313232421875,3639.4664856684462
Basophils,pErk1/2,Anthrax,41.56228256225586,675.4389491158986
CD4+T cells,pSTAT3,CD40L,43.80740928649902,2429.1973621632246
Basophils,pP38,IL-4,10.792023181915283,37.732454603193894
CD16+/CD11b-,pErk1/2,IL-2,49.35787487030029,793.413265569792
CD8+T cells,pCREB,Basal,21.192028522491455,88.37577650903285
CD16+/CD11b+,pSTAT4,IL-4,17.658908367156982,134.65077359657144
pDCs,pPLCg2,PMAIono,11.04046368598938,45.42497229663813
CD16+/CD11b+,pSTAT3,IL-4,117.44693565368652,9364.730052511717
CD4+T cells,pP38,Ebola VLPs,13.642099142074585,51.47850074283875
CD7+/HLA-DR-,pSTAT5,IL-12,10.241390705108643,56.85730868727981
B Cells,pSTAT5,LPS,12.967015743255615,70.1100044925547
pDCs,pSTAT1,Ebola VLPs,17.61325740814209,246.71788994461167
CD11b-/CD16-,IkBa,TNFa,4.670064568519592,5.4842803902766395
Basophils,pCREB,IL-12,33.80520153045654,322.7106245852068
Neutrophils,pTBK1,Ebola VLPs,4.429081320762634,12.686858518308838
B Cells,Ki67,CD40L,17.395174026489258,91.13821305878326
CD11b+/CD16-,pSTAT4,IFNb,16.54478120803833,103.2996523720332
CD11b-/CD16-,p4E-BP1,LPS,38.631853103637695,214.61985560216763
CD4+/CD8+,p4E-BP1,IL-2,10.156198024749756,NaN
CD11b+/CD16-,p4E-BP1,PMAIono,27.383349418640137,104.93246315193197
CD1c+ B cells,pSTAT5,IFNb,36.427127838134766,NaN
CD4+T cells,pP38,Anthrax,14.308008432388306,57.445538382333766
Neutrophils,pSTAT3,TNFa,61.63887023925781,4019.0323201732017
CD8+T cells,pSTAT6,R848,4.075573801994324,10.52846531303095
CD7+/HLA-DR-,pCREB,IL-2,25.98091697692871,191.42007166284233
CD11b+/CD16-,pPLCg2,PMAIono,11.854886770248413,70.46594753325536
CD4+/CD8+,pSTAT5,LPS,18.726548194885254,NaN
B Cells,pErk1/2,CD40L,34.07217502593994,292.31303399744047
Neutrophils,pP38,PMAIono,13.165219068527222,50.36046726859891
CD1c+ B cells,pP38,IL-6,24.814419269561768,NaN
CD8+T cells,pSTAT6,IFNg,4.130511164665222,9.780013310259324
CD16+/CD11b-,pSTAT4,Basal,12.636526823043823,70.53015704514011
CD16+/CD11b-,pZap70/Syk,IFNb,6.2770644426345825,9.288791566376567
pDCs,pS6,Basal,65.98383712768555,1217.464974916584
CD16+/CD11b-,pSTAT6,IFNb,15.13129472732544,77.53588287525882
CD7+/HLA-DR-,pCREB,Anthrax,21.87469244003296,136.12146994308702
CD4+T cells,pP38,PMAIono,14.815421104431152,66.55834402647464
CD8+T cells,pSTAT4,IL-6,6.89899754524231,14.35138149892325
CD11b+/CD16-,pSTAT5,IL-6,20.384153366088867,236.29500351149048
CD11b-/CD16-,pP38,IFNg,20.632418632507324,129.6238094429858
CD4+T cells,p4E-BP1,IL-4,8.919437885284424,5.910039547616263
CD4+/CD8+,pSTAT3,Anthrax,99.61751937866211,NaN
Neutrophils,pSTAT6,IL-12,3.851274251937866,15.004951360144913
CD1c+ B cells,p4E-BP1,IFNb,33.557945251464844,NaN
CD11b-/CD16-,pCREB,Anthrax,37.74012470245361,406.46808974394634
CD4+T cells,pCREB,IFNg,18.483954906463623,74.79736591407618
Neutrophils,pErk1/2,LPS,89.89275550842285,2036.166181275077
CD4+T cells,pZap70/Syk,IL-6,4.67052698135376,1.8414417857192733
CD4+T cells,pSTAT6,IFNb,8.507719993591309,23.294314184897292
Basophils,pSTAT5,CD40L,25.480830192565918,164.07683341225444
B Cells,pP38,TNFa,17.333287239074707,79.40958075366399
CD11b-/CD16-,pSTAT1,PMAIono,32.26998710632324,561.2698462825505
CD16+/CD11b-,pZap70/Syk,Ebola VLPs,6.77223801612854,9.172847867744375
pDCs,pZap70/Syk,IL-4,4.865427017211914,5.5508405448867775
CD16+/CD11b+,pZap70/Syk,IFNg,6.928860664367676,14.062317693243173
CD4+/CD8+,pSTAT5,PMAIono,19.320618629455566,NaN
pDCs,pCREB,IL-2,25.858649730682373,193.028630805091
CD11b+/CD16-,pSTAT4,GM-CSF,16.39029884338379,91.45390241271907
CD7+/HLA-DR-,pSTAT4,TNFa,6.070422410964966,12.48425772822432
CD16+/CD11b+,pSTAT1,LPS,64.60245704650879,1533.4136399318872
B Cells,Ki67,IL-12,17.541991710662842,100.3553035772941
pDCs,IkBa,Ebola VLPs,10.085882186889648,31.06397459786649
CD8+T cells,p4E-BP1,IL-12,7.10900616645813,4.187000498734374
CD11b-/CD16-,pPLCg2,IL-6,9.867678165435791,31.57812272321925
Neutrophils,pErk1/2,Ebola VLPs,85.16348648071289,1622.3742603832873
CD11b+/CD16-,pSTAT6,Ebola VLPs,7.763621091842651,43.91099413301164
CD11b+/CD16-,pMAPKAPK2,Anthrax,16.74857807159424,51.20034332711199
CD7+/HLA-DR-,pZap70/Syk,IL-6,3.958112120628357,4.1355287493015584
CD8+T cells,pMAPKAPK2,IL-2,5.959476947784424,8.896033018111648
CD16+/CD11b-,pSTAT6,IFNg,8.919874429702759,40.368986214272496
Basophils,pPLCg2,Basal,6.748797655105591,11.283359485102055
CD11b-/CD16-,pErk1/2,IL-6,44.426937103271484,780.6099803294451
CD8+T cells,p4E-BP1,TNFa,6.962224841117859,3.918878429973568
Neutrophils,p4E-BP1,Ebola VLPs,6.6887654066085815,5.621572257024605
CD11b-/CD16-,pP38,TNFa,36.804171562194824,362.87952751383403
B Cells,pS6,TNFa,43.3006706237793,350.87960641320205
B Cells,p4E-BP1,IFNg,25.11008930206299,23.91887690652305
CD16+/CD11b-,pP38,R848,47.27860069274902,585.5562091574526
CD4+T cells,pPLCg2,IFNg,5.426478385925293,9.15683561440079
pDCs,IkBa,LPS,9.966126441955566,28.946381802857093
CD4+T cells,pS6,IL-6,46.25413417816162,463.60804613627715
CD16+/CD11b-,pZap70/Syk,IL-2,6.583746075630188,8.88429671197156
CD16+/CD11b-,pTBK1,IL-4,14.186351299285889,118.44993702017341
Basophils,pSTAT5,IFNg,32.32541465759277,162.29552486599738
CD11b+/CD16-,Ki67,TNFa,29.718251705169678,313.6873366556933
Basophils,pErk1/2,CD40L,31.299062728881836,524.436444243423
Basophils,pTBK1,TNFa,11.628887414932251,75.84702188985408
CD11b-/CD16-,Ki67,Anthrax,35.00637340545654,487.6824671712754
B Cells,pP38,IL-4,19.8113694190979,102.36363919463297
CD1c+ B cells,pSTAT3,IL-2,73.85914993286133,NaN
CD16+/CD11b+,pSTAT6,LPS,6.820302605628967,62.8368205810514
Neutrophils,pSTAT1,IL-6,29.309882164001465,341.07165435673323
CD16+/CD11b-,pS6,TNFa,72.7535285949707,1399.2341015164322
pDCs,Ki67,PMAIono,26.25259780883789,397.35980721053613
CD11b+/CD16-,IkBa,CD40L,8.05796480178833,19.06532784361374
CD8+T cells,pZap70/Syk,GM-CSF,4.3203853368759155,1.5209506289089414
CD16+/CD11b+,IkBa,LPS,5.151703834533691,6.84399762047279
CD11b-/CD16-,pSTAT3,Ebola VLPs,59.96560478210449,3203.7917840852524
CD8+T cells,pP38,TNFa,16.411267280578613,54.09758592352926
CD16+/CD11b-,pSTAT1,TNFa,49.282402992248535,839.2932434440695
CD1c+ B cells,pP38,TNFa,25.399654388427734,NaN
Basophils,pSTAT4,LPS,9.404308795928955,27.64473918537621
CD11b-/CD16-,p4E-BP1,Ebola VLPs,41.90050506591797,265.43175722728245
CD1c+ B cells,pSTAT5,IL-12,20.006738662719727,NaN
CD16+/CD11b-,p4E-BP1,IFNa2,19.691118717193604,68.42546972947164
CD16+/CD11b+,pS6,IL-4,83.97696304321289,2690.236706726833
CD1c+ B cells,pMAPKAPK2,Ebola VLPs,8.674112319946289,NaN
CD7+/HLA-DR-,pTBK1,TNFa,9.415038347244263,40.68434991293936
CD8+T cells,pZap70/Syk,R848,4.420837163925171,1.5871548515440737
CD7+/HLA-DR-,pPLCg2,IL-4,6.309743165969849,16.276125879957412
CD11b+/CD16-,pTBK1,IL-4,12.949745416641235,107.04734675495321
Neutrophils,pTBK1,Basal,4.547321319580078,19.548923235294723
Neutrophils,pErk1/2,TNFa,95.44602966308594,2030.1560685060674
Basophils,pSTAT1,R848,26.77633237838745,237.56319785902195
CD4+T cells,pCREB,Basal,18.37412738800049,73.08188422027175
CD8+T cells,pSTAT4,Basal,5.866525411605835,11.192724534153998
pDCs,pSTAT1,IL-12,16.25025177001953,215.76021118331923
CD16+/CD11b+,Ki67,IFNg,23.668193817138672,263.4397885502685
B Cells,pZap70/Syk,LPS,3.8299248218536377,3.8553991197250443
B Cells,pSTAT6,PMAIono,7.2875542640686035,22.64324553920413
CD11b+/CD16-,p4E-BP1,IL-12,31.39516544342041,138.01084631681778
CD16+/CD11b+,pTBK1,IL-4,14.772955417633057,189.59129648508363
Basophils,pErk1/2,Basal,28.968374729156494,384.07642623801723
CD4+T cells,pSTAT5,Anthrax,12.555113077163696,62.167573916095805
pDCs,pErk1/2,Anthrax,34.39838695526123,483.2821621548569
CD1c+ B cells,pSTAT5,IL-2,21.79564380645752,NaN
CD4+T cells,IkBa,IL-12,6.579233407974243,11.371470691425248
CD4+/CD8+,Ki67,IL-4,17.962345600128174,NaN
CD7+/HLA-DR-,pSTAT6,Anthrax,5.16662073135376,13.63463410731735
CD1c+ B cells,p4E-BP1,TNFa,34.632670402526855,NaN
CD4+/CD8+,pSTAT3,IL-2,101.94034957885742,NaN
B Cells,pSTAT5,Ebola VLPs,13.048617839813232,68.95694967809624
CD11b-/CD16-,pSTAT1,IL-4,27.48917531967163,386.47829361029085
CD8+T cells,pSTAT3,IL-6,53.17770862579346,2497.237075245053
Basophils,pSTAT1,GM-CSF,23.84038257598877,204.46784265151754
CD11b+/CD16-,pSTAT6,IFNb,17.465962409973145,125.97455546252694
CD4+/CD8+,pSTAT4,IFNa2,14.950966358184814,NaN
Neutrophils,pSTAT3,LPS,59.97136878967285,4490.559234953657
CD4+T cells,pSTAT3,R848,43.842735290527344,2391.603114314632
CD4+/CD8+,pSTAT6,IL-4,40.36917591094971,NaN
Basophils,p4E-BP1,IL-2,11.876612424850464,11.717015168226588
CD1c+ B cells,pCREB,PMAIono,51.75142192840576,NaN
CD4+/CD8+,Ki67,TNFa,18.03515625,NaN
CD16+/CD11b-,pErk1/2,IL-4,51.47778606414795,898.4105720134108
CD4+/CD8+,pSTAT3,R848,90.4654541015625,NaN
CD16+/CD11b-,Ki67,Ebola VLPs,18.90859603881836,179.96649127598243
CD4+/CD8+,p4E-BP1,CD40L,9.676565170288086,7.204932954227261
B Cells,pZap70/Syk,Basal,3.8289661407470703,3.4766186861295423
Basophils,pP38,Anthrax,13.591150045394897,63.26582758585874
CD8+T cells,pSTAT6,IFNa2,5.24001932144165,12.282290624780078
CD7+/HLA-DR-,pSTAT4,CD40L,6.273558020591736,12.924338227776257
CD4+T cells,pErk1/2,Ebola VLPs,27.373518466949463,216.00474593316065
Neutrophils,pS6,IFNg,49.120933532714844,665.1223435587015
CD1c+ B cells,pSTAT6,IFNa2,13.052329540252686,NaN
Neutrophils,pMAPKAPK2,IFNb,6.958250999450684,13.184172399553454
Neutrophils,Ki67,CD40L,9.900025367736816,49.64723707508778
CD8+T cells,pSTAT4,IFNb,21.21177053451538,82.23810030397925
CD1c+ B cells,pZap70/Syk,CD40L,6.27472186088562,NaN
CD11b+/CD16-,pSTAT1,GM-CSF,50.77342224121094,1037.3637625418562
CD4+T cells,pSTAT5,IL-6,17.49260902404785,81.95029102493793
Basophils,pSTAT3,Ebola VLPs,49.92806148529053,4291.393241370868
Neutrophils,pSTAT5,GM-CSF,88.12065124511719,548.9324431932711
CD16+/CD11b+,pSTAT3,IL-6,126.83177185058594,9069.564757389015
CD16+/CD11b+,pTBK1,IFNb,14.422177791595459,170.35546623523638
Basophils,pErk1/2,LPS,32.34065055847168,429.2755041687449
CD4+T cells,pSTAT6,Basal,4.884100914001465,15.29864586651297
Basophils,pSTAT1,LPS,27.80378532409668,237.13685369884766
CD4+/CD8+,pErk1/2,IFNg,44.61814880371094,NaN
CD4+T cells,IkBa,R848,6.5739569664001465,11.797216153590103
CD7+/HLA-DR-,pSTAT3,IL-12,62.06221389770508,3744.8126509790877
Neutrophils,pSTAT3,IL-4,56.91969013214111,4247.629935203302
CD8+T cells,pSTAT6,PMAIono,4.046098947525024,11.45155928067527
Basophils,pErk1/2,IL-4,30.73441791534424,457.6092343271291
pDCs,pMAPKAPK2,TNFa,15.204233646392822,48.98364685167487
CD1c+ B cells,pPLCg2,CD40L,10.689718008041382,NaN
CD1c+ B cells,pZap70/Syk,IL-12,6.405563235282898,NaN
CD16+/CD11b+,pP38,IL-12,18.82080841064453,190.72345032813433
pDCs,pPLCg2,IFNg,9.858624935150146,26.69508163338143
Neutrophils,pSTAT1,IL-4,28.744614124298096,321.35625850344945
B Cells,pSTAT3,TNFa,40.66964244842529,2327.6972012097362
Neutrophils,p4E-BP1,IL-6,6.736060857772827,6.6767457927182665
CD1c+ B cells,pSTAT5,R848,20.037009239196777,NaN
CD8+T cells,pZap70/Syk,IL-6,4.39417028427124,1.5636943093153333
Neutrophils,pZap70/Syk,LPS,8.221831321716309,6.557922144295038
Basophils,pS6,IL-6,46.22023963928223,528.0237343957497
pDCs,pZap70/Syk,IFNa2,4.691602349281311,5.382969340206107
CD8+T cells,pCREB,IL-4,21.13483953475952,91.1018080975561
CD4+/CD8+,pP38,GM-CSF,19.595017433166504,NaN
B Cells,pPLCg2,IFNg,6.645365834236145,11.288349312243545
CD4+T cells,pSTAT3,Anthrax,45.596269607543945,2400.953622457625
CD4+/CD8+,pPLCg2,LPS,10.03202486038208,NaN
CD4+T cells,pSTAT1,LPS,23.06794309616089,159.63645409240317
CD4+/CD8+,p4E-BP1,Ebola VLPs,9.528595447540283,NaN
CD1c+ B cells,pS6,IFNa2,65.98311614990234,NaN
CD11b-/CD16-,pCREB,IL-6,37.49533271789551,339.39722203484735
CD11b+/CD16-,pPLCg2,R848,12.385013103485107,65.35286844136604
CD4+T cells,pCREB,TNFa,20.367814540863037,86.78579900102221
CD8+T cells,pTBK1,IFNg,6.232784390449524,23.64080224505381
pDCs,pTBK1,PMAIono,11.434587955474854,128.75493281669242
CD4+/CD8+,pCREB,IL-12,33.063560485839844,NaN
CD4+T cells,pSTAT5,Basal,12.469770669937134,61.63519559813548
CD8+T cells,pP38,IL-4,15.065998077392578,55.18746684434898
CD4+T cells,pSTAT1,IL-6,36.615394592285156,256.3802987787753
CD11b+/CD16-,pTBK1,GM-CSF,12.26517105102539,98.29177936061024
CD1c+ B cells,pSTAT6,IL-12,9.526182532310486,NaN
CD4+/CD8+,pPLCg2,IL-6,10.111552476882935,NaN
B Cells,pMAPKAPK2,CD40L,8.448149919509888,13.37135812847097
CD16+/CD11b-,pCREB,Ebola VLPs,42.4481315612793,420.6411863782229
CD16+/CD11b+,IkBa,TNFa,4.8653693199157715,8.826236637545014
CD11b+/CD16-,pSTAT6,LPS,6.9837000370025635,43.418541879339806
Neutrophils,pTBK1,Anthrax,4.773870229721069,15.202468746669954
CD7+/HLA-DR-,pSTAT3,R848,59.48428916931152,3517.920207906608
CD8+T cells,pSTAT6,IL-6,4.123443961143494,10.910189440154683
CD16+/CD11b+,pMAPKAPK2,IL-4,15.130714893341064,41.66664516169609
CD8+T cells,IkBa,IFNb,5.367941856384277,7.726273847049528
pDCs,pSTAT6,Anthrax,8.41314172744751,44.10819782962782
CD16+/CD11b-,pMAPKAPK2,R848,19.971628189086914,53.02959236573709
pDCs,IkBa,PMAIono,7.559982657432556,22.77049039606691
CD8+T cells,IkBa,IL-6,5.145137429237366,8.269646577937646
Neutrophils,pSTAT3,GM-CSF,62.43685245513916,4105.751862286934
CD8+T cells,pCREB,Ebola VLPs,20.9527006149292,89.02540135568535
CD16+/CD11b-,pSTAT5,LPS,19.11612844467163,242.58226518583444
Neutrophils,pErk1/2,IL-4,83.29271697998047,1726.6518733046107
B Cells,pSTAT3,CD40L,42.10195732116699,2450.6490133931893
CD7+/HLA-DR-,pSTAT3,Anthrax,61.4560489654541,3549.3644761447063
CD4+T cells,pSTAT3,Ebola VLPs,42.16791343688965,2300.3131531582007
CD11b-/CD16-,pSTAT1,IFNb,55.210625648498535,827.8613049319241
Basophils,pErk1/2,IL-12,32.50706481933594,608.4638321760758
CD11b+/CD16-,pPLCg2,Anthrax,12.634911298751831,75.81129928711235
CD8+T cells,pSTAT6,IL-4,32.26373863220215,192.6347729394925
CD8+T cells,p4E-BP1,IL-4,6.991991877555847,3.656844583140367
CD4+T cells,pPLCg2,PMAIono,5.971966505050659,12.453136082515933
CD11b+/CD16-,pCREB,CD40L,49.458168029785156,553.6668646572824
pDCs,pSTAT3,GM-CSF,85.40665435791016,NaN
Basophils,IkBa,CD40L,5.9820849895477295,7.003042669335942
CD11b+/CD16-,pZap70/Syk,LPS,6.063512802124023,10.925436670199499
CD8+T cells,pCREB,IL-12,20.74488925933838,97.84970520994695
CD1c+ B cells,pPLCg2,TNFa,9.059119701385498,NaN
B Cells,pCREB,CD40L,34.23705768585205,225.22231817915684
Basophils,Ki67,Basal,17.341554164886475,88.79971427834043
CD11b+/CD16-,pCREB,PMAIono,54.373085021972656,760.7862688491597
CD8+T cells,pTBK1,IL-12,6.580947279930115,28.0851830576719
CD4+T cells,pSTAT5,IL-2,64.51945686340332,526.3669185173525
Basophils,pSTAT1,IFNb,31.46296215057373,264.66695220898544
B Cells,Ki67,IL-6,17.304635047912598,86.87470279501755
pDCs,pSTAT3,IFNb,78.53020095825195,3182.028602184356
CD7+/HLA-DR-,pSTAT5,GM-CSF,10.086719036102295,49.560259981809416
B Cells,pMAPKAPK2,GM-CSF,6.4385093450546265,8.106268229303751
CD4+/CD8+,pSTAT3,IL-6,97.04122352600098,NaN
Basophils,Ki67,TNFa,17.031208992004395,85.68688528352259
CD16+/CD11b+,pSTAT5,IFNg,34.472907066345215,437.29774047681445
B Cells,pMAPKAPK2,IL-12,6.472136974334717,9.515741031435232
CD11b+/CD16-,pP38,TNFa,34.06302356719971,348.50070138851925
CD11b-/CD16-,p4E-BP1,Basal,46.220882415771484,256.006816398005
B Cells,pTBK1,IL-6,11.22113037109375,63.913424174841055
CD8+T cells,Ki67,IFNb,13.33554196357727,74.72408601968294
B Cells,pZap70/Syk,IL-6,3.9068228602409363,3.5832433101731813
pDCs,pSTAT3,IFNa2,69.5268669128418,2594.5342740261494
Neutrophils,Ki67,IFNb,9.711809873580933,57.34640715981855
CD11b-/CD16-,pTBK1,IFNa2,12.510155200958252,79.06845616617186
CD16+/CD11b-,pErk1/2,TNFa,62.08978271484375,1004.723081698808
B Cells,pS6,Basal,43.90957450866699,337.0959997559738
Basophils,IkBa,Anthrax,5.854198694229126,7.361251945166209
CD8+T cells,Ki67,IL-12,13.715056419372559,80.64934912841046
pDCs,pZap70/Syk,IL-6,4.890120625495911,6.791672556502706
CD4+T cells,IkBa,LPS,6.487345576286316,10.91245756554343
CD8+T cells,pP38,IL-12,14.171581745147705,55.24717508815531
CD8+T cells,p4E-BP1,Basal,7.01587176322937,3.9427134604042307
CD4+T cells,pS6,LPS,45.06758499145508,453.00390596183183
Neutrophils,pSTAT5,IL-6,15.210261106491089,112.9701830850414
CD7+/HLA-DR-,pSTAT6,IFNg,5.1849400997161865,13.325506972278399
CD16+/CD11b-,IkBa,R848,5.254305839538574,4.069685823098364
CD4+/CD8+,pCREB,R848,30.33860492706299,NaN
CD16+/CD11b-,pSTAT3,LPS,64.42940711975098,4565.6665973086065
Basophils,pSTAT6,IL-6,6.387922286987305,22.89110569444893
CD4+T cells,pPLCg2,GM-CSF,5.32583212852478,9.511287584246045
CD7+/HLA-DR-,pSTAT6,IFNa2,6.5093629360198975,15.768893689619082
CD8+T cells,pMAPKAPK2,CD40L,5.597086191177368,7.6161210356284705
CD1c+ B cells,pZap70/Syk,Anthrax,6.7377846240997314,NaN
CD11b-/CD16-,pCREB,IL-4,36.93502330780029,324.4774496512987
Basophils,pSTAT6,Basal,6.674333572387695,26.410910602714083
Basophils,pSTAT6,LPS,6.317186713218689,22.526861318892884
CD16+/CD11b-,pSTAT3,Basal,64.15937042236328,4142.253848286614
pDCs,pSTAT5,IL-2,16.70521640777588,146.5534096079496
CD1c+ B cells,pSTAT6,Anthrax,10.52458143234253,NaN
Neutrophils,pPLCg2,TNFa,7.000655889511108,16.104636614559162
Basophils,pPLCg2,R848,6.973086595535278,11.228403240697704
pDCs,pCREB,IL-6,26.81992769241333,225.51473867867838
CD16+/CD11b+,pSTAT4,LPS,14.779712438583374,112.12265748016287
CD11b-/CD16-,Ki67,PMAIono,31.028708934783936,397.47953884404905
CD7+/HLA-DR-,pSTAT4,R848,6.131640195846558,11.960264297224448
CD4+/CD8+,pPLCg2,GM-CSF,9.14931035041809,NaN
CD1c+ B cells,pSTAT3,IL-6,60.50538158416748,NaN
B Cells,pSTAT4,IL-6,8.78266978263855,18.600050642498243
CD4+T cells,pSTAT1,IL-2,20.7651424407959,112.67044834500255
CD16+/CD11b+,pSTAT3,IFNg,118.32142448425293,7835.878461399481
CD16+/CD11b+,pS6,Anthrax,88.1212043762207,2772.099240132219
CD16+/CD11b+,p4E-BP1,IFNa2,28.655089855194092,100.92249165826644
CD4+T cells,pZap70/Syk,TNFa,4.672112345695496,1.8630087473213979
B Cells,pSTAT1,IFNa2,12.226331949234009,23.04818345843643
CD4+T cells,pZap70/Syk,GM-CSF,4.693683862686157,1.8030359737941413
B Cells,IkBa,IFNa2,5.235997796058655,8.675165808098209
CD16+/CD11b-,pPLCg2,Anthrax,15.795019388198853,105.9404441159523
CD1c+ B cells,pMAPKAPK2,CD40L,10.117831349372864,NaN
Neutrophils,pSTAT1,Basal,27.982407093048096,315.7365319701552
CD4+T cells,IkBa,Basal,6.65670120716095,12.474986276197328
Basophils,IkBa,Basal,6.172151565551758,8.015704124552215
CD4+T cells,pSTAT5,IFNg,12.905078411102295,57.186520527064516
pDCs,pCREB,Ebola VLPs,25.351388931274414,188.97858942190948
Neutrophils,pS6,IFNb,49.090322494506836,632.2103236231993
Neutrophils,pSTAT4,Anthrax,8.21303653717041,28.65511476801518
CD16+/CD11b+,pSTAT5,PMAIono,20.18137836456299,454.5787168638731
CD16+/CD11b-,pS6,R848,73.63672065734863,1445.4232404079828
CD16+/CD11b+,pSTAT4,Ebola VLPs,17.51973867416382,144.21619986270832
pDCs,pZap70/Syk,CD40L,4.8004990220069885,7.5128318398069105
CD16+/CD11b-,p4E-BP1,TNFa,21.291146755218506,74.4452500481195
CD11b+/CD16-,pPLCg2,IL-12,11.887798309326172,66.84209477315724
CD4+/CD8+,p4E-BP1,IL-12,10.396903038024902,NaN
CD1c+ B cells,pSTAT3,TNFa,58.189971923828125,NaN
CD4+/CD8+,pSTAT5,IFNa2,28.524558067321777,NaN
pDCs,pPLCg2,LPS,9.32266354560852,21.62951338075983
CD1c+ B cells,pZap70/Syk,PMAIono,6.55341649055481,NaN
Basophils,pErk1/2,IL-6,31.833099842071533,463.93523443669284
CD4+T cells,Ki67,TNFa,16.98925495147705,107.98313893552375
Basophils,pTBK1,IFNa2,11.444228410720825,78.46179093982524
Basophils,pP38,LPS,14.510199546813965,59.67586285971951
pDCs,IkBa,Anthrax,10.17747974395752,30.626020780738116
CD11b-/CD16-,pZap70/Syk,Basal,5.07762086391449,5.877348360789326
CD16+/CD11b-,pSTAT1,CD40L,56.721126556396484,1325.3835403273408
CD8+T cells,pS6,IL-6,45.07923984527588,442.57457395718905
CD11b-/CD16-,pErk1/2,PMAIono,62.695244789123535,2126.948657904321
CD4+/CD8+,pPLCg2,Basal,8.761582136154175,NaN
CD8+T cells,pSTAT3,PMAIono,50.31252098083496,2721.192523268944
CD8+T cells,pZap70/Syk,IL-2,4.486455321311951,1.6706716226117497
Basophils,p4E-BP1,GM-CSF,11.28660798072815,10.33300910665452
CD11b+/CD16-,pTBK1,CD40L,12.901853084564209,105.06210303621803
CD1c+ B cells,p4E-BP1,LPS,34.777992725372314,NaN
Neutrophils,pSTAT3,CD40L,57.84769916534424,4277.396362714928
CD11b-/CD16-,pS6,PMAIono,70.14437675476074,1285.757467755891
Neutrophils,pSTAT3,R848,60.1558723449707,4166.363208543268
CD11b+/CD16-,pSTAT1,TNFa,48.922301292419434,858.6116740225849
Basophils,pSTAT3,LPS,50.5648136138916,4404.402847091752
CD1c+ B cells,pCREB,R848,31.561718940734863,NaN
CD1c+ B cells,pP38,PMAIono,28.43720006942749,NaN
CD16+/CD11b+,pP38,IL-2,20.47185754776001,188.43308397803082
CD8+T cells,pSTAT4,IFNg,5.974362254142761,10.504107819701085
Neutrophils,pPLCg2,IL-2,6.9934645891189575,15.93275533402937
CD11b-/CD16-,pCREB,Basal,35.99613094329834,323.1812330233312
CD16+/CD11b-,pZap70/Syk,LPS,7.3075408935546875,12.76634892343633
CD4+/CD8+,pErk1/2,IFNb,48.83687496185303,NaN
CD16+/CD11b-,pErk1/2,IL-12,51.58205699920654,1056.0092426191422
Basophils,pSTAT6,IFNg,6.741759300231934,22.646005255950875
CD4+/CD8+,pP38,IL-12,20.834081649780273,NaN
CD16+/CD11b-,pMAPKAPK2,CD40L,12.737455368041992,21.114033414722
CD11b-/CD16-,pMAPKAPK2,R848,15.521434783935547,48.52176840067513
CD4+/CD8+,pSTAT4,Basal,7.752177715301514,NaN
CD4+T cells,pP38,TNFa,15.096852540969849,55.659586908238374
CD11b+/CD16-,Ki67,IL-2,29.302533626556396,323.49389325175486
Neutrophils,pSTAT5,Ebola VLPs,15.095715522766113,117.2939042277559
Basophils,pS6,IFNb,47.87444591522217,621.5168706559116
pDCs,pErk1/2,TNFa,38.09792613983154,648.0250091468835
Neutrophils,pSTAT5,PMAIono,15.876652956008911,151.73686030776403
CD4+T cells,pSTAT5,CD40L,12.554213762283325,62.954609417556384
CD1c+ B cells,pP38,Anthrax,29.634765625,NaN
CD16+/CD11b+,pP38,GM-CSF,23.476468086242676,205.7308447520232
CD16+/CD11b-,pErk1/2,Anthrax,82.74655151367188,1875.905953586749
CD11b-/CD16-,pZap70/Syk,CD40L,5.180692791938782,6.875311967987029
CD16+/CD11b+,pSTAT1,R848,54.97881889343262,1257.1597726806326
CD1c+ B cells,pP38,Basal,25.416473388671875,NaN
CD4+T cells,pSTAT6,CD40L,4.989859700202942,15.59279690715735
CD1c+ B cells,IkBa,IL-4,11.645392417907715,NaN
Neutrophils,pCREB,TNFa,26.425379753112793,135.97513670822786
pDCs,pSTAT3,Anthrax,72.2869987487793,3280.4918011564564
Basophils,pZap70/Syk,IFNb,2.8952118158340454,2.582986139570412
CD8+T cells,pMAPKAPK2,IL-4,5.657497763633728,7.7699859075893425
CD16+/CD11b-,Ki67,IFNb,19.348036766052246,201.0450198763732
CD1c+ B cells,pSTAT3,R848,60.86564064025879,NaN
Neutrophils,pTBK1,TNFa,8.38355827331543,44.87987230258571
Neutrophils,pSTAT4,IFNg,8.151155471801758,28.17628986260369
CD11b-/CD16-,pCREB,CD40L,36.22806358337402,338.67916791670996
CD11b+/CD16-,Ki67,PMAIono,25.951522827148438,285.0388688673794
Neutrophils,pSTAT4,IL-2,7.999279975891113,28.081044575441357
CD11b-/CD16-,pSTAT4,Anthrax,13.814757585525513,51.235656252126695
Basophils,pSTAT4,Basal,9.644570112228394,28.48946957976935
CD16+/CD11b-,pZap70/Syk,IL-4,6.780644774436951,9.371457764198544
CD8+T cells,pP38,IL-2,15.901946544647217,55.622904829275875
CD7+/HLA-DR-,pErk1/2,Ebola VLPs,23.0863299369812,233.09353593960014
Basophils,pS6,Ebola VLPs,46.06786346435547,551.6218914413357
CD8+T cells,pS6,TNFa,45.320738792419434,459.9434644448006
CD11b+/CD16-,pPLCg2,LPS,12.661409378051758,72.67027990183368
CD8+T cells,pSTAT1,CD40L,20.37726593017578,126.28466869396838
Basophils,IkBa,PMAIono,5.633528470993042,6.313576181468717
CD7+/HLA-DR-,pErk1/2,Basal,23.23286247253418,235.52970975433558
CD1c+ B cells,pTBK1,GM-CSF,15.804845333099365,NaN
CD16+/CD11b-,pSTAT4,Anthrax,13.358431577682495,61.04051406455475
pDCs,pSTAT4,LPS,9.443015575408936,37.14304091239653
CD7+/HLA-DR-,pS6,IL-2,43.010146141052246,622.2041935602236
CD16+/CD11b-,pTBK1,GM-CSF,13.960803747177124,109.16737373324742
pDCs,pTBK1,TNFa,13.351905107498169,114.35387117619346
pDCs,pP38,Basal,21.343748092651367,189.87972466066574
CD4+T cells,pErk1/2,R848,27.933835983276367,232.51501891846175
Neutrophils,Ki67,LPS,10.057517051696777,52.61032527011164
pDCs,pTBK1,IFNa2,10.526737928390503,86.38750778122325
CD4+T cells,pMAPKAPK2,IL-12,5.88482666015625,8.359844636095731
CD8+T cells,pZap70/Syk,IFNg,4.48636519908905,1.5246229401763163
Neutrophils,Ki67,IL-2,10.648419380187988,63.65122397593745
CD4+T cells,pMAPKAPK2,LPS,5.574365854263306,7.384446767750355
CD16+/CD11b+,pSTAT4,GM-CSF,18.031290531158447,144.08246856607016
CD11b+/CD16-,pP38,Basal,19.073701858520508,129.03342043866633
CD7+/HLA-DR-,Ki67,Basal,11.22288203239441,51.10918053106221
Neutrophils,pS6,IL-6,48.17328929901123,592.2556581100276
CD11b+/CD16-,pPLCg2,GM-CSF,12.270893812179565,58.71795818432849
CD4+T cells,pMAPKAPK2,PMAIono,6.898635625839233,11.55242289532521
Basophils,pCREB,CD40L,32.5472526550293,257.034136599896
CD16+/CD11b-,pTBK1,Ebola VLPs,14.520520687103271,116.35442689660864
Neutrophils,pMAPKAPK2,IL-6,7.103082180023193,13.004958955998765
Basophils,pSTAT3,Anthrax,59.15871810913086,5162.227986049301
CD16+/CD11b-,IkBa,IL-2,4.956127882003784,5.410642359065985
B Cells,pSTAT3,PMAIono,42.531320571899414,2817.159694624514
CD16+/CD11b+,pPLCg2,R848,17.272637367248535,166.30458201967272
CD7+/HLA-DR-,pTBK1,R848,7.470460414886475,34.95159097341574
CD16+/CD11b-,Ki67,IL-2,19.58950138092041,193.0754812759145
pDCs,IkBa,CD40L,9.776362895965576,30.2772286248709
CD7+/HLA-DR-,IkBa,GM-CSF,5.12810492515564,6.873593195053747
CD11b+/CD16-,pSTAT6,IL-4,111.05819702148438,1714.922822558757
CD16+/CD11b-,IkBa,TNFa,4.121556043624878,3.8785704521501745
B Cells,pTBK1,PMAIono,12.664926290512085,82.84704500797753
Basophils,pSTAT6,TNFa,6.428645968437195,26.341836203953168
CD8+T cells,pMAPKAPK2,LPS,5.386876225471497,7.3084396349182486
CD1c+ B cells,pMAPKAPK2,IFNb,9.149827003479004,NaN
CD4+T cells,Ki67,IL-2,16.603873252868652,106.66226674358498
CD1c+ B cells,pSTAT3,GM-CSF,65.94894790649414,NaN
CD11b-/CD16-,pErk1/2,IFNa2,41.09565734863281,960.3904566300172
CD11b-/CD16-,Ki67,TNFa,35.81752586364746,530.040388172981
CD4+T cells,pPLCg2,IL-12,5.755136489868164,11.882055947704416
Basophils,pPLCg2,CD40L,6.989479184150696,14.95321361777919
CD16+/CD11b-,pP38,TNFa,34.10875415802002,355.74212332821827
B Cells,pSTAT5,IL-4,15.912099599838257,81.80342902102653
CD16+/CD11b+,pErk1/2,IL-12,77.61579513549805,2313.0867185490024
Basophils,pSTAT4,Ebola VLPs,9.792930603027344,27.577644065021527
CD7+/HLA-DR-,pSTAT5,IFNa2,11.954943656921387,57.44114030746441
CD11b-/CD16-,pP38,CD40L,20.25693368911743,124.09096384752208
CD11b+/CD16-,pZap70/Syk,Basal,5.623661756515503,8.272897364149275
CD11b-/CD16-,pS6,IFNb,72.43309783935547,1340.9690673334696
CD1c+ B cells,pS6,R848,66.35410499572754,NaN
CD7+/HLA-DR-,pPLCg2,PMAIono,6.664095759391785,18.1425639357688
Neutrophils,pZap70/Syk,IFNg,8.221696138381958,6.081971959243445
CD1c+ B cells,pZap70/Syk,Basal,6.1898804903030396,NaN
Neutrophils,pCREB,IFNb,23.162363529205322,121.65849322196853
pDCs,pCREB,CD40L,24.871235370635986,212.49735050314308
CD16+/CD11b-,pTBK1,IFNa2,14.376288890838623,117.44922728603397
CD4+T cells,Ki67,IFNa2,16.956732273101807,106.3698040466938
Neutrophils,pSTAT1,TNFa,29.535286903381348,344.16268566295906
Basophils,pSTAT5,IFNa2,39.843735694885254,249.56762943170355
CD16+/CD11b+,pPLCg2,Basal,15.7412428855896,128.1788325418293
CD7+/HLA-DR-,pMAPKAPK2,LPS,5.043725490570068,8.044980524106663
Basophils,pZap70/Syk,Anthrax,3.2098464965820312,3.3372526861656002
Neutrophils,pTBK1,CD40L,4.533366441726685,12.05497492842368
pDCs,pErk1/2,IFNa2,32.6343560218811,431.29001711994744
CD11b-/CD16-,pSTAT5,IL-12,16.84432601928711,180.0648611099005
CD11b+/CD16-,pMAPKAPK2,R848,21.419724941253662,71.37804865658221
CD1c+ B cells,pSTAT4,IFNa2,9.618245124816895,NaN
B Cells,pSTAT1,IL-4,5.966278672218323,8.986417350059801
CD1c+ B cells,pPLCg2,IFNb,9.407255291938782,NaN
Basophils,pSTAT1,PMAIono,32.86910629272461,293.25737696559213
CD4+T cells,pSTAT3,IL-2,46.141451835632324,2372.3399611475775
CD8+T cells,pSTAT4,TNFa,5.896318435668945,11.105258993307652
CD1c+ B cells,pP38,R848,30.279465675354004,NaN
pDCs,pMAPKAPK2,Basal,10.374746561050415,23.65553198161863
CD11b+/CD16-,pS6,IL-6,76.68861770629883,1686.322857523704
Basophils,pSTAT5,Ebola VLPs,26.384790420532227,157.40059783815047
pDCs,Ki67,LPS,25.390762329101562,361.3533805976959
Basophils,pSTAT6,IL-2,6.6914918422698975,24.158532321820065
pDCs,pSTAT3,LPS,67.9874439239502,3236.9373906679357
CD4+T cells,pSTAT3,PMAIono,43.84981918334961,2662.442804621961
CD1c+ B cells,pSTAT3,IFNg,62.19136428833008,NaN
CD11b-/CD16-,pErk1/2,IL-2,39.62619972229004,615.5619415010123
Basophils,pSTAT3,IFNa2,52.5587215423584,4397.77596677428
CD16+/CD11b-,pMAPKAPK2,LPS,17.593149185180664,38.451277924823444
CD11b+/CD16-,pSTAT4,Basal,16.85589599609375,96.74471989499804
CD11b-/CD16-,pErk1/2,Basal,39.22090721130371,562.7563006660329
CD1c+ B cells,pMAPKAPK2,IFNa2,8.788566827774048,NaN
CD8+T cells,pPLCg2,Ebola VLPs,5.6930317878723145,10.542985247871119
CD4+/CD8+,pZap70/Syk,Basal,5.949287414550781,NaN
Basophils,pMAPKAPK2,Ebola VLPs,7.655673265457153,13.717475330141603
CD16+/CD11b+,pErk1/2,R848,106.21414184570312,2937.1256784457623
CD16+/CD11b+,pSTAT5,GM-CSF,118.74307823181152,1574.8832618862514
CD8+T cells,pCREB,IL-6,21.070276260375977,90.72690632745062
CD8+T cells,pTBK1,Anthrax,6.6151100397109985,27.253015968079286
CD16+/CD11b+,IkBa,IL-6,6.370988845825195,9.716840502074538
CD4+/CD8+,pSTAT1,PMAIono,40.58216094970703,NaN
Neutrophils,Ki67,Anthrax,10.18288779258728,58.26811190012528
CD16+/CD11b-,pCREB,Anthrax,49.98105716705322,610.184846364734
B Cells,pPLCg2,CD40L,7.811268925666809,14.285821036508588
CD16+/CD11b+,Ki67,Ebola VLPs,23.167625427246094,266.8303929591795
CD7+/HLA-DR-,p4E-BP1,R848,6.338223934173584,4.480692284834711
CD16+/CD11b+,pMAPKAPK2,Anthrax,18.420769214630127,59.991652664978716
B Cells,pP38,CD40L,28.032633781433105,157.09556672155279
CD11b-/CD16-,pSTAT6,LPS,8.147907018661499,41.33362325136922
CD11b-/CD16-,pPLCg2,Basal,9.461561441421509,27.27373597510617
CD16+/CD11b+,pS6,IL-2,82.3318920135498,2595.912240481851
CD4+T cells,pMAPKAPK2,GM-CSF,5.896892786026001,7.27336375346257
B Cells,pSTAT6,Ebola VLPs,7.368984699249268,23.001436821520088
CD4+/CD8+,pS6,IFNg,73.01433944702148,NaN
CD16+/CD11b+,IkBa,R848,5.437833309173584,6.1592777575210516
B Cells,pZap70/Syk,PMAIono,3.7826496362686157,3.5566639832358793
CD4+/CD8+,p4E-BP1,R848,9.908783435821533,NaN
Neutrophils,IkBa,CD40L,2.353260636329651,1.093094756725122
Neutrophils,pP38,Ebola VLPs,12.021896362304688,36.64237392060451
CD1c+ B cells,Ki67,GM-CSF,25.592719078063965,NaN
B Cells,pCREB,Ebola VLPs,19.313368320465088,81.94655191911406
CD1c+ B cells,p4E-BP1,IFNg,34.72739553451538,NaN
B Cells,p4E-BP1,IL-4,24.791186332702637,22.48231692211631
CD4+/CD8+,pP38,IL-6,19.811834812164307,NaN
Neutrophils,pS6,IL-2,50.183152198791504,713.0508256700894
CD11b-/CD16-,pTBK1,PMAIono,12.256006240844727,89.62831582869985
CD16+/CD11b-,pSTAT4,TNFa,13.099430561065674,63.725698407175386
CD8+T cells,pSTAT5,Basal,11.786463975906372,56.76012209547193
Neutrophils,pSTAT4,IFNa2,7.847791075706482,29.46970255292909
CD16+/CD11b-,pSTAT3,Anthrax,69.43932723999023,4733.474201356469
CD4+T cells,pSTAT1,PMAIono,22.88654375076294,155.93186867369397
CD16+/CD11b-,pErk1/2,IFNg,50.27267265319824,776.2879796150936
Basophils,pTBK1,IL-6,11.689162492752075,72.94934414061643
CD16+/CD11b+,pCREB,Basal,53.49785232543945,811.4305535615565
pDCs,pErk1/2,IFNg,35.17422103881836,440.2985974409406
B Cells,pP38,Ebola VLPs,17.448418617248535,82.64558356666835
pDCs,pP38,TNFa,36.17544174194336,466.2888444317163
CD1c+ B cells,pSTAT3,IL-12,64.34605598449707,NaN
CD7+/HLA-DR-,pS6,IFNg,40.917470932006836,528.6581788199887
CD7+/HLA-DR-,p4E-BP1,TNFa,6.3392205238342285,4.948747610006196
Neutrophils,pTBK1,LPS,6.896636605262756,36.240221565798606
B Cells,pSTAT4,IL-2,8.932475566864014,19.44459915273701
CD7+/HLA-DR-,pSTAT3,IFNb,63.60858917236328,3463.385516436993
Neutrophils,p4E-BP1,PMAIono,6.366320967674255,6.003791076863254
CD4+/CD8+,pZap70/Syk,IFNg,5.985081791877747,NaN
CD11b-/CD16-,pSTAT6,IL-6,8.808811664581299,40.59210466550074
CD7+/HLA-DR-,pSTAT3,IFNa2,59.617326736450195,3396.1771149966316
CD4+T cells,pPLCg2,IL-2,5.6140605211257935,10.738034130103074
CD16+/CD11b+,pSTAT6,IFNb,15.766226530075073,108.12922455547927
CD11b+/CD16-,pSTAT5,IFNa2,30.483598709106445,292.4416405231944
pDCs,pSTAT6,IL-2,8.229770183563232,41.619219796764646
CD8+T cells,pMAPKAPK2,PMAIono,6.58493959903717,11.551529987135547
CD11b-/CD16-,Ki67,Basal,36.69669437408447,503.68540284897625
B Cells,pCREB,Basal,19.31795883178711,81.34247988845352
CD16+/CD11b+,pSTAT1,TNFa,54.286312103271484,1181.213738839372
CD16+/CD11b-,pP38,Ebola VLPs,20.803924083709717,148.0201877832834
CD8+T cells,IkBa,R848,5.255359411239624,8.647153207450865
CD11b+/CD16-,pZap70/Syk,IFNa2,5.546005725860596,8.448428314717056
CD11b+/CD16-,pSTAT1,Anthrax,48.67807960510254,1028.5972942749431
CD4+/CD8+,pSTAT3,Ebola VLPs,84.52942848205566,NaN
CD4+/CD8+,pSTAT4,IL-2,8.852458000183105,NaN
Neutrophils,IkBa,TNFa,1.7983035147190094,1.299345555179271
CD4+/CD8+,pS6,IFNa2,75.01138687133789,NaN
Neutrophils,Ki67,PMAIono,9.612633228302002,56.54899876751016
CD11b+/CD16-,Ki67,LPS,26.287351608276367,271.538756364729
CD11b-/CD16-,p4E-BP1,PMAIono,34.13592720031738,178.05738968600886
CD16+/CD11b+,pSTAT3,Anthrax,121.93960189819336,9849.36583827631
CD16+/CD11b-,pZap70/Syk,IFNg,6.77894139289856,8.582678680835807
B Cells,pTBK1,IFNb,10.710238695144653,58.450580472496384
CD11b-/CD16-,pSTAT4,LPS,12.817448616027832,51.70414177286125
CD4+T cells,pPLCg2,Anthrax,5.737073063850403,10.798591374670117
CD16+/CD11b+,pPLCg2,Anthrax,16.863601207733154,176.25902563332892
CD4+T cells,pTBK1,Anthrax,7.27166748046875,34.55184750643438
CD7+/HLA-DR-,pZap70/Syk,Ebola VLPs,3.989750862121582,3.9657358431567573
Neutrophils,pSTAT4,TNFa,7.828201532363892,28.016347109368304
CD4+/CD8+,pP38,IL-4,20.89539623260498,NaN
CD11b+/CD16-,IkBa,IFNg,9.035835266113281,26.504148844753008
CD4+T cells,pTBK1,Ebola VLPs,7.225823402404785,31.408963122105256
CD4+T cells,pCREB,IL-6,18.520448684692383,78.73830492275889
CD16+/CD11b-,pCREB,IFNg,41.805487632751465,476.7034880189094
CD8+T cells,Ki67,Basal,13.571129322052002,74.81240426895721
Neutrophils,pSTAT3,PMAIono,65.50625228881836,4695.441364357052
B Cells,Ki67,GM-CSF,16.97955846786499,86.81303083165629
CD4+/CD8+,pErk1/2,IL-6,49.022183418273926,NaN
pDCs,pSTAT4,R848,9.91821002960205,40.32893442268007
CD16+/CD11b+,pSTAT4,IL-2,17.769654750823975,165.3730977282652
pDCs,pSTAT1,CD40L,16.745363235473633,1643.3354974906892
CD7+/HLA-DR-,pCREB,PMAIono,24.712532997131348,204.6789521525655
CD8+T cells,IkBa,IFNa2,5.237819314002991,8.417632719496583
Basophils,pErk1/2,Ebola VLPs,31.668782711029053,461.8126618724741
CD16+/CD11b+,pZap70/Syk,TNFa,6.9574689865112305,15.33223863611635
CD11b-/CD16-,pErk1/2,Ebola VLPs,40.002655029296875,806.6311590693645
Neutrophils,pSTAT5,IFNb,22.3577938079834,148.44911901443066
CD11b-/CD16-,pMAPKAPK2,CD40L,10.67476511001587,19.814914530000653
CD7+/HLA-DR-,pSTAT3,IFNg,59.827152252197266,3262.1798000997665
B Cells,pTBK1,IL-4,10.910053014755249,63.98620733755154
CD7+/HLA-DR-,pMAPKAPK2,IL-4,5.255873680114746,8.710609022392983
CD16+/CD11b-,pSTAT3,IL-12,66.4703483581543,5114.863971427811
CD16+/CD11b-,pP38,IFNb,19.5027813911438,149.65813909870843
CD16+/CD11b-,pMAPKAPK2,IFNa2,12.578505039215088,19.323353394270868
Basophils,Ki67,IL-12,17.553147792816162,99.21884903302063
CD7+/HLA-DR-,p4E-BP1,IFNg,6.251269459724426,4.087362407193021
Basophils,IkBa,LPS,4.880887508392334,5.549692486041207
CD11b-/CD16-,pSTAT5,IL-2,17.383955001831055,157.86279238834163
CD8+T cells,pSTAT5,IFNb,27.143466472625732,171.80400598173085
CD11b+/CD16-,Ki67,IL-4,27.686280727386475,283.8951323590662
CD7+/HLA-DR-,pZap70/Syk,CD40L,3.96702778339386,4.476341616561489
CD11b-/CD16-,Ki67,IFNb,33.36549377441406,440.3054567655287
Basophils,pCREB,IL-2,33.30229568481445,299.11697767441353
B Cells,pTBK1,LPS,11.014656066894531,64.76761664106257
CD11b-/CD16-,pSTAT3,IFNa2,65.3470630645752,3431.7913654554013
CD4+/CD8+,pMAPKAPK2,IFNg,8.828630685806274,NaN
CD11b+/CD16-,pZap70/Syk,PMAIono,5.255889296531677,8.49710040697781
CD1c+ B cells,pErk1/2,IL-4,33.51452922821045,NaN
CD11b-/CD16-,pSTAT5,IFNb,47.36872386932373,539.2566248093445
CD7+/HLA-DR-,pErk1/2,GM-CSF,23.46146821975708,241.62707389797578
CD4+/CD8+,pPLCg2,R848,10.003363132476807,NaN
CD1c+ B cells,pPLCg2,R848,9.45957326889038,NaN
CD11b-/CD16-,pPLCg2,IL-12,9.997797012329102,40.24502907154477
pDCs,pSTAT6,IFNg,9.018793821334839,42.02451507222078
CD11b-/CD16-,pSTAT1,IFNa2,52.587989807128906,718.92672212499
pDCs,p4E-BP1,IL-12,38.679893493652344,206.79183647541132
CD4+/CD8+,pZap70/Syk,LPS,6.102064251899719,NaN
Neutrophils,pZap70/Syk,Anthrax,8.283250570297241,6.583951147922219
CD7+/HLA-DR-,pP38,IL-4,11.906063079833984,47.93053161353067
CD16+/CD11b-,pErk1/2,Ebola VLPs,62.708845138549805,852.2416332597278
Basophils,pP38,GM-CSF,15.628687143325806,45.81122448080838
CD16+/CD11b+,pMAPKAPK2,Basal,15.597692012786865,40.30789849541394
Neutrophils,pP38,IL-4,12.66742753982544,41.93686037279503
Neutrophils,p4E-BP1,Basal,7.04261314868927,8.156917947250484
CD11b+/CD16-,pTBK1,IFNg,12.828171014785767,109.87090874390607
CD11b+/CD16-,pZap70/Syk,IFNb,5.34575891494751,8.922811871191298
CD1c+ B cells,p4E-BP1,R848,32.93751525878906,NaN
CD7+/HLA-DR-,pSTAT1,IFNg,5.716560363769531,12.493700358347565
pDCs,pS6,IFNb,67.8967456817627,1271.0743047974827
CD16+/CD11b-,IkBa,Ebola VLPs,4.790324568748474,4.596710953734802
CD11b-/CD16-,pZap70/Syk,Anthrax,5.351845860481262,6.529371936987352
CD11b+/CD16-,Ki67,Ebola VLPs,27.390649795532227,282.9169343939078
Neutrophils,pPLCg2,LPS,7.38631010055542,17.44963145085293
B Cells,pP38,IFNa2,18.083516120910645,87.89940511318305
B Cells,Ki67,IFNg,16.730501651763916,87.19721269507701
CD11b-/CD16-,pSTAT4,IFNa2,13.784104824066162,55.92957995511418
Neutrophils,pPLCg2,Anthrax,7.828380584716797,19.16282449492466
CD4+T cells,p4E-BP1,R848,9.418081998825073,6.42360182590919
CD1c+ B cells,pMAPKAPK2,IL-4,8.731703996658325,NaN
CD7+/HLA-DR-,pMAPKAPK2,GM-CSF,5.165278315544128,8.126256476520842
CD4+T cells,pSTAT1,R848,22.293580055236816,145.78769454127774
CD4+T cells,pCREB,PMAIono,25.740901947021484,200.92381631100622
CD7+/HLA-DR-,pSTAT3,LPS,59.05500602722168,3397.7734675663905
CD7+/HLA-DR-,Ki67,IFNb,11.559464931488037,51.88321228634773
CD16+/CD11b-,pS6,IFNa2,68.97350311279297,1134.6133292715936
CD16+/CD11b+,pS6,IL-12,86.06824493408203,2902.5318330524833
CD16+/CD11b+,pP38,Anthrax,25.609910011291504,292.280534798952
CD1c+ B cells,pPLCg2,IFNa2,9.690433144569397,NaN
B Cells,p4E-BP1,R848,25.251094341278076,25.289472498748946
Basophils,Ki67,IFNg,17.320608139038086,77.81151733879473
CD11b-/CD16-,pSTAT4,IL-6,13.57069730758667,53.66512653536922
CD16+/CD11b-,pSTAT6,Anthrax,8.411534786224365,38.51000507760169
CD16+/CD11b+,pErk1/2,Ebola VLPs,88.12618637084961,1932.0011321737534
Neutrophils,pErk1/2,Anthrax,98.2859878540039,2166.747477376425
CD7+/HLA-DR-,pSTAT1,PMAIono,6.4899221658706665,17.736192017474277
CD7+/HLA-DR-,pPLCg2,Basal,6.120958566665649,15.032662350577132
CD7+/HLA-DR-,pMAPKAPK2,Ebola VLPs,5.143546938896179,8.344169994524492
CD16+/CD11b-,pP38,IFNa2,19.404822826385498,137.93608222510352
CD4+/CD8+,IkBa,TNFa,4.335444331169128,NaN
Basophils,IkBa,IL-6,6.098906993865967,7.071776375833648
CD8+T cells,pZap70/Syk,PMAIono,4.421302795410156,1.6479866661125386
CD11b-/CD16-,pPLCg2,LPS,10.444739818572998,41.14060746274607
CD4+/CD8+,pSTAT3,CD40L,93.03207778930664,62417.955039700086
CD16+/CD11b+,pSTAT1,IL-4,58.93947219848633,1518.6358197250763
CD11b+/CD16-,IkBa,Anthrax,6.833186388015747,12.134223380037115
CD8+T cells,pZap70/Syk,LPS,4.4065762758255005,1.5905591059228068
CD11b-/CD16-,pTBK1,IFNg,12.835649013519287,83.1190716785867
Basophils,pErk1/2,TNFa,29.62255573272705,447.4071965473379
Basophils,Ki67,IFNa2,17.06955099105835,79.72727819502977
pDCs,pMAPKAPK2,Ebola VLPs,10.005640745162964,20.99380326893246
CD7+/HLA-DR-,pSTAT5,Basal,10.141096115112305,52.80084844618204
CD7+/HLA-DR-,pTBK1,IL-2,7.850696802139282,38.572041865687595
CD11b-/CD16-,pMAPKAPK2,Anthrax,10.938291549682617,24.059024373880227
B Cells,IkBa,IL-12,5.207608699798584,8.405247848037375
CD16+/CD11b+,p4E-BP1,IFNb,29.85700559616089,108.51981559958553
Basophils,pZap70/Syk,IL-2,3.0501428842544556,2.7738272246529307
CD7+/HLA-DR-,pSTAT1,Ebola VLPs,5.861588835716248,14.754438686046496
CD4+T cells,pSTAT3,IL-12,45.31325054168701,2567.5501174090346
CD4+T cells,pSTAT4,Anthrax,7.30345356464386,18.014732447723162
Basophils,pErk1/2,R848,31.001173973083496,420.23045320991884
Neutrophils,pTBK1,IL-12,4.692025780677795,15.08985786940119
CD8+T cells,Ki67,IL-4,13.217975616455078,73.37462379885741
B Cells,Ki67,IL-4,16.55161714553833,84.45773613312093
Neutrophils,pTBK1,IL-4,4.556225657463074,13.052032271688933
CD11b+/CD16-,pS6,IL-12,74.67790031433105,1749.9548758888195
CD16+/CD11b+,pZap70/Syk,IL-6,7.2087156772613525,16.140402110106137
CD11b-/CD16-,pSTAT6,IFNa2,13.756906032562256,69.6337533085838
CD1c+ B cells,pSTAT4,IFNg,10.587397575378418,NaN
CD16+/CD11b+,pSTAT3,GM-CSF,121.32511901855469,10532.833842862541
CD7+/HLA-DR-,pP38,Ebola VLPs,11.078437328338623,41.71220478108297
CD4+/CD8+,pTBK1,IFNb,8.680869102478027,NaN
CD11b+/CD16-,pPLCg2,Basal,11.524651765823364,53.25190899840019
CD11b-/CD16-,pCREB,IFNg,37.05479621887207,366.7595125577018
CD7+/HLA-DR-,Ki67,CD40L,11.554433345794678,52.117345235851396
pDCs,pPLCg2,IFNb,9.688234806060791,29.968369438334726
B Cells,IkBa,TNFa,5.1158528327941895,8.258194886575476
CD8+T cells,pSTAT1,Basal,19.280978202819824,98.82044732245045
CD8+T cells,pSTAT3,R848,50.91421318054199,2523.6773330624073
Basophils,pSTAT3,R848,52.08005142211914,4330.652249090408
pDCs,pSTAT3,IL-2,72.39477348327637,3197.284584141351
B Cells,pMAPKAPK2,Ebola VLPs,6.4721901416778564,8.333577266607133
CD1c+ B cells,pS6,CD40L,62.998939514160156,NaN
CD4+T cells,Ki67,IFNg,16.816887855529785,102.73638529916491
B Cells,pSTAT1,Anthrax,6.0029367208480835,10.740800499219542
CD16+/CD11b+,IkBa,Basal,6.4232258796691895,11.100539806572076
pDCs,pSTAT4,Anthrax,9.915221691131592,36.059965179569
CD1c+ B cells,pSTAT3,IL-4,62.943138122558594,NaN
CD16+/CD11b+,pSTAT5,IL-2,21.435577392578125,321.39858356183265
CD4+T cells,pS6,GM-CSF,45.66028022766113,429.70348200552354
CD8+T cells,pErk1/2,IFNb,26.727734565734863,228.52979396772585
B Cells,pSTAT5,CD40L,13.352452754974365,71.09089105483343
CD1c+ B cells,pS6,PMAIono,70.17160224914551,NaN
CD16+/CD11b-,pP38,IL-12,19.36212682723999,152.1670039467155
CD1c+ B cells,IkBa,PMAIono,11.876969337463379,NaN
pDCs,p4E-BP1,IFNa2,39.90964412689209,197.91287374272665
pDCs,pErk1/2,CD40L,33.527523040771484,496.0759183852439
CD16+/CD11b+,pPLCg2,PMAIono,15.43449091911316,175.1943336841079
CD7+/HLA-DR-,pTBK1,LPS,7.570230722427368,34.78473655533371
CD7+/HLA-DR-,pErk1/2,IL-6,23.98509645462036,239.17162156113187
pDCs,pErk1/2,IL-2,32.569016456604004,454.225870057934
CD7+/HLA-DR-,pMAPKAPK2,Basal,5.427045702934265,8.209727312914053
Neutrophils,pSTAT5,TNFa,15.747806310653687,134.64692630643955
B Cells,Ki67,PMAIono,16.950257778167725,91.60977268573967
B Cells,Ki67,IL-2,17.385438442230225,96.75422066801997
CD8+T cells,IkBa,IL-4,5.152274489402771,8.631048319803241
Basophils,pP38,TNFa,11.242966175079346,42.83416301103442
pDCs,Ki67,IL-12,27.459769248962402,395.6069813264647
CD16+/CD11b+,pCREB,IFNg,50.60245704650879,840.2227621064978
CD11b+/CD16-,pCREB,IL-4,50.77185916900635,600.8994701014853
CD4+/CD8+,pPLCg2,IFNb,10.318800210952759,NaN
CD16+/CD11b+,pPLCg2,CD40L,16.66996431350708,174.86932315755618
CD1c+ B cells,pMAPKAPK2,IL-12,9.163081884384155,NaN
B Cells,pS6,IL-2,45.17012023925781,403.96087305949305
CD16+/CD11b+,pErk1/2,IFNa2,75.9692611694336,2229.6073445393267
CD11b+/CD16-,pS6,Anthrax,79.31969261169434,1809.0797522890505
CD4+/CD8+,Ki67,Anthrax,18.77579116821289,NaN
CD11b-/CD16-,pP38,GM-CSF,24.192760944366455,153.364031810474
Basophils,pMAPKAPK2,IL-2,7.815895080566406,13.76865794624194
B Cells,pSTAT5,IFNa2,19.67609739303589,88.27044022450967
CD4+/CD8+,pPLCg2,CD40L,10.103641986846924,162.2096280151353
Basophils,pSTAT6,IFNb,8.782105684280396,28.65643236285438
CD4+/CD8+,pS6,Basal,71.64810562133789,NaN
CD16+/CD11b-,p4E-BP1,PMAIono,18.376795768737793,54.10222140924962
Neutrophils,pP38,TNFa,25.957735061645508,102.03327351597588
Basophils,IkBa,IFNg,6.25703501701355,8.27419087349648
pDCs,pS6,IL-6,67.07311630249023,1283.679419978843
B Cells,p4E-BP1,IL-2,24.84208393096924,23.983415657752786
CD11b+/CD16-,pTBK1,IL-6,12.383041858673096,103.35439718168142
CD11b+/CD16-,pS6,GM-CSF,75.36134147644043,1611.8385797986234
B Cells,pTBK1,GM-CSF,11.080888271331787,60.14067650877562
CD4+/CD8+,pMAPKAPK2,IL-4,8.826579809188843,NaN
B Cells,pTBK1,CD40L,26.308205604553223,168.05962233614125
pDCs,IkBa,IL-12,9.609559535980225,26.630255440289666
CD11b-/CD16-,pTBK1,R848,29.94215202331543,679.3042202082954
B Cells,pSTAT5,TNFa,12.731968879699707,70.80300679974255
Basophils,pPLCg2,IFNb,6.90501344203949,11.969132328778374
CD8+T cells,pP38,CD40L,14.01088571548462,49.41582784328289
CD8+T cells,IkBa,IL-2,5.447936534881592,8.69638821615269
CD16+/CD11b+,pSTAT6,CD40L,7.7864686250686646,67.1532651969806
CD16+/CD11b-,pSTAT1,Basal,51.45047473907471,922.9044861797078
CD16+/CD11b-,pSTAT6,Basal,8.707707405090332,50.637603422661684
CD11b-/CD16-,pErk1/2,IL-12,40.816617012023926,1168.662517762805
CD4+T cells,p4E-BP1,IL-12,9.214478731155396,6.76803065820525
CD4+/CD8+,pCREB,PMAIono,39.72697734832764,NaN
CD1c+ B cells,pErk1/2,IL-2,42.10013008117676,NaN
CD11b+/CD16-,pP38,LPS,36.325639724731445,484.47748261042534
B Cells,pSTAT6,IL-2,7.468349814414978,24.05467181416637
CD1c+ B cells,pTBK1,Anthrax,18.675711631774902,NaN
CD16+/CD11b-,pSTAT6,IL-6,8.144325256347656,47.97079982054418
pDCs,IkBa,IFNg,10.40402364730835,28.561324441000703
CD11b+/CD16-,pS6,IFNa2,72.83752822875977,1539.2476453031372
CD4+T cells,pP38,IL-4,15.429672002792358,61.140913142892416
CD1c+ B cells,pSTAT4,Anthrax,10.22829794883728,NaN
CD4+T cells,pSTAT5,Ebola VLPs,12.465817213058472,58.13104195727304
B Cells,pPLCg2,IFNa2,6.429999828338623,11.304409626076898
CD4+/CD8+,pSTAT6,IL-12,6.443962454795837,NaN
CD11b-/CD16-,IkBa,Anthrax,9.487583637237549,21.515211907254624
CD16+/CD11b+,pSTAT1,IL-2,51.02195644378662,1139.605128869159
Basophils,pMAPKAPK2,Basal,7.683634519577026,11.185616755066382
CD4+T cells,pZap70/Syk,IFNg,4.695740103721619,1.7997586115568314
pDCs,pErk1/2,IL-12,33.11897420883179,431.3449709426727
Neutrophils,pSTAT6,TNFa,3.7876716256141663,13.760977021614634
CD1c+ B cells,pSTAT1,IL-6,11.789866209030151,NaN
CD8+T cells,pSTAT5,Anthrax,11.808876991271973,58.38602381562779
Neutrophils,IkBa,IL-4,2.385701358318329,1.0942079532681368
CD16+/CD11b+,pErk1/2,CD40L,79.2073802947998,2467.330144394564
CD4+/CD8+,pSTAT1,IFNg,39.390451431274414,NaN
CD1c+ B cells,pMAPKAPK2,TNFa,7.9962698221206665,NaN
CD11b-/CD16-,pSTAT1,TNFa,27.665295600891113,355.0815808396779
Basophils,Ki67,Anthrax,17.886154174804688,94.40128322939603
CD11b-/CD16-,pMAPKAPK2,PMAIono,11.899003028869629,29.387157400046352
Neutrophils,pPLCg2,IL-4,7.270753979682922,16.484297515167295
CD16+/CD11b-,Ki67,IL-12,19.029700756072998,221.55133830741784
CD11b+/CD16-,pSTAT6,R848,6.789793372154236,35.253972852587204
Basophils,pS6,Basal,47.35020923614502,562.0210894272277
CD1c+ B cells,pSTAT1,IL-2,13.949665307998657,NaN
CD1c+ B cells,pSTAT6,R848,10.01831579208374,NaN
CD7+/HLA-DR-,pSTAT1,IFNb,12.124653816223145,35.38479629339794
CD4+/CD8+,pSTAT6,R848,5.789177060127258,NaN
CD16+/CD11b+,pSTAT3,IL-12,125.0219497680664,10405.672186933814
CD7+/HLA-DR-,pErk1/2,IL-12,24.781981468200684,276.92379644344504
B Cells,pSTAT4,IFNg,8.684309959411621,18.27038426342066
CD4+/CD8+,p4E-BP1,LPS,9.494473934173584,NaN
CD16+/CD11b-,pSTAT4,GM-CSF,12.851715326309204,63.78748962707308
CD4+/CD8+,pZap70/Syk,R848,6.094642639160156,NaN
CD4+/CD8+,IkBa,IL-12,7.002644658088684,NaN
CD4+T cells,pPLCg2,LPS,5.505683898925781,10.145560655129836
CD8+T cells,pErk1/2,GM-CSF,26.63245964050293,211.98782819358902
CD16+/CD11b-,pPLCg2,IFNg,14.17896318435669,79.8199900849599
B Cells,pSTAT5,IFNb,26.70497703552246,113.30179462374052
CD11b+/CD16-,pP38,GM-CSF,22.942007541656494,138.62712308011314
CD4+/CD8+,pSTAT1,GM-CSF,42.56427192687988,NaN
CD4+/CD8+,pSTAT6,CD40L,6.01519238948822,31.52074255096366
CD7+/HLA-DR-,p4E-BP1,Anthrax,6.359965682029724,4.376742913304856
pDCs,p4E-BP1,IFNg,40.510008811950684,190.1036264386984
pDCs,pSTAT3,Basal,65.50894165039062,3588.2120044294766
CD7+/HLA-DR-,pSTAT6,PMAIono,5.012996673583984,15.268585124325464
CD1c+ B cells,pErk1/2,Anthrax,36.56692314147949,NaN
CD7+/HLA-DR-,pErk1/2,Anthrax,24.013524532318115,252.3222600861034
CD8+T cells,pErk1/2,PMAIono,34.20853042602539,427.6881881526476
Neutrophils,pS6,R848,49.52719593048096,657.2558628172205
B Cells,p4E-BP1,LPS,24.653088569641113,24.14031221327753
CD7+/HLA-DR-,pZap70/Syk,GM-CSF,3.8856332898139954,4.008163659158781
Basophils,pTBK1,PMAIono,11.40965747833252,88.09260185093865
CD16+/CD11b+,pMAPKAPK2,LPS,20.98097324371338,78.56544733188908
CD4+T cells,pSTAT6,PMAIono,4.959593057632446,16.61915308840847
CD1c+ B cells,pS6,IL-12,63.792555809020996,NaN
Basophils,pSTAT3,IL-12,59.49785804748535,5745.471431086232
Neutrophils,pZap70/Syk,PMAIono,8.220341920852661,6.300066111405819
CD11b+/CD16-,pSTAT5,IL-4,23.160701751708984,247.33967263821143
CD7+/HLA-DR-,pTBK1,IL-12,7.546628475189209,37.3264193058655
CD7+/HLA-DR-,pZap70/Syk,IFNg,4.025355815887451,3.992375592174201
CD7+/HLA-DR-,pMAPKAPK2,R848,5.275380730628967,8.505060460086565
CD4+/CD8+,pPLCg2,IFNg,9.48875904083252,NaN
CD8+T cells,pP38,Anthrax,14.472872495651245,52.39145914313471
Neutrophils,pPLCg2,IFNb,7.02036452293396,16.846051682370987
CD11b+/CD16-,pSTAT1,CD40L,52.09925079345703,1096.603281508101
CD11b-/CD16-,pMAPKAPK2,TNFa,15.584763288497925,39.25007440468814
CD7+/HLA-DR-,pZap70/Syk,Anthrax,4.2402122020721436,4.344387894678347
CD4+T cells,p4E-BP1,IFNa2,8.95535397529602,6.123902055102875
B Cells,pMAPKAPK2,IFNg,6.661547780036926,8.71132016671081
Neutrophils,pSTAT5,IFNa2,18.701727867126465,133.18379467266593
CD16+/CD11b+,pSTAT5,TNFa,22.20073413848877,392.4281500751071
CD4+/CD8+,pCREB,Basal,29.544281482696533,NaN
CD7+/HLA-DR-,pPLCg2,IFNa2,6.231339335441589,15.701263470945495
CD11b+/CD16-,pS6,TNFa,78.53827285766602,1728.3667977544292
CD11b+/CD16-,p4E-BP1,IFNb,31.781497955322266,134.31732549497175
CD16+/CD11b-,pPLCg2,IL-2,14.634222745895386,76.99206848759434
CD1c+ B cells,pErk1/2,IFNg,32.558112144470215,NaN
CD1c+ B cells,Ki67,R848,23.005622386932373,NaN
Neutrophils,pZap70/Syk,GM-CSF,8.101349115371704,5.872249135801372
CD8+T cells,p4E-BP1,LPS,6.916187047958374,3.833275240140812
CD4+/CD8+,pSTAT1,IL-4,42.775654792785645,NaN
CD8+T cells,pS6,CD40L,44.89023780822754,446.670193739685
B Cells,IkBa,GM-CSF,5.158443927764893,9.176272129693512
CD11b-/CD16-,IkBa,CD40L,9.649771213531494,27.669157716048062
CD7+/HLA-DR-,Ki67,IFNa2,11.448405742645264,45.36441295679555
CD7+/HLA-DR-,pSTAT6,CD40L,5.117289066314697,14.827914887663828
CD4+/CD8+,pZap70/Syk,Ebola VLPs,5.984393358230591,NaN
CD7+/HLA-DR-,pCREB,IFNa2,21.588034629821777,122.91272793017758
CD4+T cells,pPLCg2,IL-4,5.49856972694397,9.939279537997036
CD16+/CD11b+,IkBa,IL-2,6.584216237068176,13.887060892119683
pDCs,pErk1/2,Ebola VLPs,33.70521545410156,400.8785606159583
CD11b-/CD16-,pS6,Ebola VLPs,69.1067943572998,1235.1338408103643
B Cells,pSTAT6,Anthrax,7.631200909614563,25.93513218633658
CD16+/CD11b-,Ki67,IL-6,19.324987411499023,187.14760416740282
CD11b-/CD16-,IkBa,GM-CSF,9.701587200164795,26.12938016273515
CD8+T cells,pSTAT1,LPS,20.9554386138916,119.78368414840573
CD4+/CD8+,IkBa,IL-6,6.347602844238281,NaN
CD16+/CD11b-,pMAPKAPK2,GM-CSF,16.850407600402832,35.43922671047664
CD11b+/CD16-,pMAPKAPK2,IFNa2,13.338364601135254,29.79657477875168
CD16+/CD11b-,pSTAT1,IL-2,48.22371864318848,797.9072494515466
B Cells,pZap70/Syk,IFNg,3.948846936225891,3.6220157112861924
CD16+/CD11b-,Ki67,Basal,19.497459411621094,228.63550204592931
Basophils,pPLCg2,IL-2,6.969013452529907,13.731711502103401
Neutrophils,pS6,PMAIono,51.93035888671875,725.061090333025
CD8+T cells,pSTAT5,IL-2,72.21829223632812,457.236412510137
CD11b-/CD16-,pS6,GM-CSF,76.71969604492188,1340.4629127885332
CD4+/CD8+,pP38,R848,20.464213848114014,NaN
Neutrophils,pP38,IL-12,11.642691612243652,42.25805616737261
CD4+/CD8+,pCREB,Ebola VLPs,29.704195022583008,NaN
CD1c+ B cells,pSTAT6,GM-CSF,9.615835189819336,NaN
CD7+/HLA-DR-,pSTAT4,IFNb,24.52790594100952,104.13459889590197
CD16+/CD11b+,pSTAT3,R848,130.86148071289062,10554.08414769768
CD11b-/CD16-,pZap70/Syk,IFNg,5.220573425292969,6.234662093346919
CD4+T cells,pP38,Basal,14.12143611907959,53.43835077037542
CD4+/CD8+,pZap70/Syk,TNFa,5.98441755771637,NaN
CD4+/CD8+,pSTAT6,IFNb,8.50925350189209,NaN
B Cells,pErk1/2,IFNa2,26.62458896636963,180.5515632302491
CD16+/CD11b-,pSTAT1,IL-6,56.650686264038086,1189.0670611710282
CD4+T cells,pSTAT1,IFNg,21.47584629058838,125.8098966347398
CD1c+ B cells,Ki67,IFNa2,22.85957145690918,NaN
B Cells,pSTAT6,R848,7.3492192029953,22.733160821841928
CD8+T cells,pS6,Ebola VLPs,44.23660659790039,427.274446551901
CD4+T cells,pErk1/2,GM-CSF,28.22098970413208,225.0472658994858
CD11b+/CD16-,pS6,PMAIono,70.85323524475098,1699.9492320356894
Neutrophils,pSTAT3,IL-6,58.80945110321045,4264.795861840222
CD1c+ B cells,pSTAT1,PMAIono,15.406643629074097,NaN
CD11b+/CD16-,pP38,IL-4,21.040940284729004,158.0715251684121
B Cells,pSTAT4,Basal,8.604928970336914,18.315315420878196
pDCs,pP38,R848,44.85550117492676,988.9494559673606
CD8+T cells,pSTAT4,LPS,5.8954033851623535,11.566628137760656
Basophils,pCREB,LPS,33.80485725402832,232.80994754665522
CD7+/HLA-DR-,pMAPKAPK2,TNFa,7.064020872116089,11.393355859420618
CD8+T cells,pS6,IFNb,45.730926513671875,484.4247949001725
CD16+/CD11b+,pErk1/2,IFNb,79.80553817749023,2065.1351682203795
CD7+/HLA-DR-,p4E-BP1,PMAIono,6.660740971565247,5.178948645827112
Basophils,pCREB,IFNg,33.74040412902832,292.1981215650187
CD11b-/CD16-,pS6,Basal,72.06339836120605,1229.5296219817394
CD11b+/CD16-,pPLCg2,IFNa2,12.256738662719727,59.112343890805214
B Cells,pTBK1,IL-2,10.722981929779053,64.9477077685515
CD4+/CD8+,pSTAT1,LPS,42.95981788635254,NaN
Neutrophils,p4E-BP1,CD40L,6.6427799463272095,6.4112784764780475
CD1c+ B cells,pSTAT6,CD40L,9.31520700454712,NaN
CD7+/HLA-DR-,pZap70/Syk,Basal,3.959337592124939,3.8392616643476787
B Cells,pErk1/2,IL-6,26.94616460800171,178.98227719815102
B Cells,IkBa,Basal,5.159081220626831,8.469629520277747
B Cells,pSTAT1,R848,5.722025513648987,9.725464991236855
CD16+/CD11b-,pTBK1,IFNb,13.916950941085815,106.99861168947652
CD8+T cells,Ki67,IFNa2,13.091842412948608,73.62564236844258
CD11b+/CD16-,pSTAT1,Basal,50.10850143432617,896.0606917766825
CD4+T cells,pErk1/2,TNFa,27.959371089935303,225.53751745655978
Basophils,pMAPKAPK2,IFNb,7.793335914611816,12.174980424014434
CD11b+/CD16-,pS6,IL-2,76.16375732421875,1717.5204860682697
Neutrophils,pSTAT3,Anthrax,62.29315185546875,4417.882201213159
Basophils,p4E-BP1,IL-4,11.578275680541992,12.068898801415338
Basophils,pPLCg2,GM-CSF,7.563782095909119,11.674360167324762
CD11b+/CD16-,pSTAT5,GM-CSF,107.3527660369873,1051.594018986555
Neutrophils,p4E-BP1,LPS,6.652768969535828,6.462397764117125
CD11b-/CD16-,pCREB,R848,49.72616386413574,587.714337816753
pDCs,pSTAT3,PMAIono,73.78122329711914,3492.598207810095
B Cells,p4E-BP1,IL-6,25.17935562133789,24.414538513960185
CD4+/CD8+,pCREB,IFNa2,29.40430212020874,NaN
CD16+/CD11b+,pS6,Basal,84.51420974731445,2599.7815256612716
pDCs,pTBK1,LPS,10.540663957595825,105.65678956948724
Basophils,pSTAT6,GM-CSF,7.410943388938904,24.612455313302267
CD1c+ B cells,pTBK1,IL-6,17.446693420410156,NaN
Neutrophils,pTBK1,GM-CSF,4.48976993560791,16.682575050498325
CD7+/HLA-DR-,pSTAT1,GM-CSF,5.88845682144165,13.90065072445169
CD16+/CD11b+,p4E-BP1,IFNg,33.415164947509766,122.5718005459673
pDCs,Ki67,Basal,26.074048042297363,420.61004318202714
CD16+/CD11b-,pSTAT5,IL-4,20.738418102264404,221.43426316990255
B Cells,pPLCg2,IL-2,7.016023278236389,14.72806555791989
CD16+/CD11b+,pSTAT4,TNFa,17.862152099609375,134.90150713035192
CD11b+/CD16-,p4E-BP1,IL-6,31.245469093322754,138.60218985621702
Neutrophils,pSTAT6,IL-4,18.11404848098755,74.52896788901302
CD11b+/CD16-,Ki67,Basal,29.83389186859131,316.3903442720847
CD11b+/CD16-,p4E-BP1,IFNg,37.27059364318848,170.7935416441657
CD16+/CD11b+,pTBK1,IL-2,15.191625118255615,284.868653757719
pDCs,p4E-BP1,Basal,40.78071403503418,196.7711578968908
CD11b+/CD16-,pErk1/2,IL-2,69.07023620605469,1624.0589525509674
CD8+T cells,p4E-BP1,IL-6,6.953929424285889,3.7928195205555397
CD8+T cells,pS6,IL-12,45.84906578063965,498.2596972873296
CD16+/CD11b+,pTBK1,Basal,14.764486312866211,201.5267520436499
CD1c+ B cells,pPLCg2,Basal,8.251080751419067,NaN
CD11b-/CD16-,pSTAT6,R848,7.796551704406738,36.88804267434726
CD4+/CD8+,pP38,IFNb,20.54390573501587,NaN
B Cells,pSTAT5,GM-CSF,13.24596619606018,66.84423991687574
CD11b+/CD16-,pSTAT3,GM-CSF,84.94040489196777,5291.448294257423
B Cells,Ki67,Ebola VLPs,16.973435401916504,86.3899435817761
Basophils,pSTAT3,GM-CSF,57.379151344299316,4732.290044962157
CD8+T cells,pSTAT1,Anthrax,19.537240982055664,102.75783008892185
CD16+/CD11b-,pS6,IFNb,70.41869163513184,1328.0143796316092
pDCs,pSTAT5,IFNa2,37.2586669921875,347.1100286042146
B Cells,pSTAT4,IL-12,8.934659481048584,21.21281914038647
CD8+T cells,pMAPKAPK2,IL-6,5.553317070007324,7.532469633240354
CD7+/HLA-DR-,IkBa,R848,5.213853120803833,6.814398850695217
CD1c+ B cells,pPLCg2,Ebola VLPs,9.658518314361572,NaN
B Cells,pSTAT4,IFNa2,8.694212913513184,18.602499896335704
CD16+/CD11b-,IkBa,CD40L,4.6098878383636475,4.068831684221508
CD1c+ B cells,pTBK1,IFNb,17.05799961090088,NaN
CD16+/CD11b-,pSTAT5,R848,20.1924467086792,201.70420350313327
Basophils,pSTAT4,IFNa2,9.619832754135132,28.922928288548583
CD16+/CD11b-,pP38,CD40L,20.08615016937256,147.43290797273988
CD8+T cells,Ki67,R848,13.933206558227539,77.49170173756956
CD1c+ B cells,pErk1/2,LPS,36.89538383483887,NaN
pDCs,pSTAT4,Ebola VLPs,9.944326162338257,48.61352255598211
CD4+/CD8+,p4E-BP1,IL-4,9.33209753036499,NaN
Basophils,pSTAT1,CD40L,28.100825786590576,263.4979721474598
Neutrophils,pP38,Basal,12.565175771713257,39.73527028643625
CD11b+/CD16-,pSTAT6,IL-12,7.529203414916992,52.540471977963364
CD16+/CD11b-,pSTAT1,IL-12,52.814321517944336,1190.2407974953985
CD8+T cells,IkBa,Basal,5.4599573612213135,8.383664472254013
pDCs,pMAPKAPK2,CD40L,9.70781421661377,23.523406664289826
CD11b-/CD16-,pP38,IL-6,19.80592966079712,133.7587906146289
CD11b-/CD16-,Ki67,LPS,32.53650951385498,438.07444566643704
CD16+/CD11b-,pSTAT3,IL-6,69.61176681518555,4127.197248893356
CD4+T cells,pSTAT4,IL-12,7.533153176307678,20.709996855854843
CD11b+/CD16-,pSTAT4,TNFa,16.47403049468994,94.0772387562589
CD1c+ B cells,pSTAT4,TNFa,9.735728025436401,NaN
B Cells,pCREB,R848,21.67343521118164,103.51812978477409
CD4+/CD8+,pS6,TNFa,74.57710266113281,NaN
B Cells,IkBa,IL-6,5.073933839797974,9.427000943570604
CD16+/CD11b-,pSTAT3,IFNg,67.41399765014648,4175.963905378663
Neutrophils,pSTAT6,IL-6,3.7511168718338013,11.721179632534875
CD11b-/CD16-,Ki67,IL-4,35.37394714355469,435.87852763047397
CD7+/HLA-DR-,pSTAT4,IFNg,5.909871459007263,10.575256245815446
CD11b-/CD16-,pP38,IL-2,19.857927799224854,138.0824756283679
CD4+T cells,pZap70/Syk,LPS,4.691863059997559,1.9244856257811815
CD16+/CD11b-,pZap70/Syk,Anthrax,6.860413312911987,9.808369926068726
CD16+/CD11b+,pZap70/Syk,PMAIono,6.548639535903931,15.514037844486195
CD11b+/CD16-,pTBK1,IL-2,12.731849431991577,112.67229352159369
CD8+T cells,pErk1/2,IFNa2,26.61358404159546,216.69418332350028
CD4+T cells,pSTAT1,IFNa2,40.386423110961914,333.40892498869545
B Cells,pMAPKAPK2,Anthrax,6.710372805595398,9.716396768453183
CD16+/CD11b+,pSTAT4,PMAIono,16.999399662017822,133.4140519321462
CD11b+/CD16-,pCREB,LPS,56.10883712768555,736.2009334895264
CD16+/CD11b+,pSTAT5,Basal,22.015302658081055,379.9502702407669
CD16+/CD11b-,pSTAT5,IL-6,19.54068660736084,228.6275195715084
Basophils,pCREB,Ebola VLPs,32.58362579345703,259.5343131833992
CD8+T cells,pSTAT4,IL-12,6.373102903366089,13.537468785371724
CD4+T cells,pZap70/Syk,PMAIono,4.700364828109741,1.9340847591027355
CD4+/CD8+,Ki67,IFNa2,17.460107803344727,NaN
pDCs,pS6,CD40L,66.03907012939453,1253.574066292375
B Cells,pPLCg2,Basal,6.405239582061768,11.069347873004894
CD11b+/CD16-,pTBK1,Anthrax,16.64690113067627,175.39492783034817
CD16+/CD11b+,pSTAT3,IL-2,127.27946853637695,8653.767011252257
CD11b-/CD16-,pZap70/Syk,IL-2,4.993900656700134,6.559333292038329
CD4+/CD8+,pTBK1,LPS,8.903222560882568,NaN
CD4+/CD8+,Ki67,Basal,18.376776695251465,NaN
B Cells,pCREB,PMAIono,37.0449104309082,488.90883728542025
Basophils,pPLCg2,IL-6,6.938031196594238,11.077885310728158
pDCs,pSTAT5,CD40L,18.11912250518799,178.44180011617553
B Cells,pP38,Basal,17.578857421875,80.27037233280939
pDCs,pSTAT6,IL-6,8.582728624343872,53.388975566243914
CD7+/HLA-DR-,pErk1/2,CD40L,23.628299236297607,264.3170588965621
CD4+/CD8+,IkBa,PMAIono,6.141568303108215,NaN
Neutrophils,pCREB,IL-4,23.554563999176025,123.75143617745033
CD11b+/CD16-,pSTAT3,IL-6,103.11012077331543,5227.91581804895
CD8+T cells,pCREB,LPS,20.540868759155273,90.17466074206394
CD8+T cells,pP38,Basal,14.556809425354004,48.97533022979987
CD16+/CD11b-,pP38,Basal,20.035874843597412,160.8001559406826
Basophils,pSTAT1,Anthrax,26.437747955322266,239.95781099371618
B Cells,pCREB,IFNg,19.456418991088867,83.7215935889322
CD1c+ B cells,pSTAT4,IL-2,12.25980281829834,NaN
pDCs,pSTAT6,Basal,8.238872051239014,49.41611174087456
pDCs,pErk1/2,IFNb,34.36529541015625,543.1116411504015
pDCs,pSTAT5,Anthrax,17.059508800506592,147.2817126147699
CD4+/CD8+,pErk1/2,GM-CSF,45.47292423248291,NaN
B Cells,pSTAT6,IL-12,7.399006962776184,24.69346172879825
CD11b-/CD16-,p4E-BP1,IL-4,43.347670555114746,211.99778042076193
Neutrophils,pSTAT5,LPS,14.998778581619263,123.37779878275936
pDCs,pPLCg2,GM-CSF,11.373090267181396,NaN
CD7+/HLA-DR-,pSTAT1,CD40L,6.279686331748962,17.525324079555308
CD4+T cells,pSTAT1,IFNb,49.635117530822754,507.60430776071365
Neutrophils,IkBa,Ebola VLPs,2.3051788210868835,1.087921287391573
CD4+/CD8+,pErk1/2,TNFa,46.1138391494751,NaN
CD8+T cells,pSTAT3,IFNa2,52.30048084259033,2508.6843534521227
CD16+/CD11b+,pPLCg2,Ebola VLPs,16.015106916427612,153.63018888057564
CD11b-/CD16-,IkBa,IL-2,10.647333145141602,37.13346369471945
CD1c+ B cells,pP38,IL-2,28.03680181503296,NaN
CD11b-/CD16-,pS6,IL-12,70.55367279052734,1357.707043064383
CD7+/HLA-DR-,pS6,IFNb,40.38127517700195,548.177866509294
CD16+/CD11b-,pZap70/Syk,Basal,6.505278706550598,9.049900443984075
CD11b+/CD16-,pZap70/Syk,GM-CSF,5.3747477531433105,8.15749083308123
Basophils,pSTAT6,CD40L,6.8620288372039795,24.453410719627772
B Cells,pSTAT1,IL-6,5.911206841468811,9.384350082346002
CD16+/CD11b-,pSTAT5,IL-12,19.31568479537964,260.52176288375796
pDCs,pMAPKAPK2,GM-CSF,11.871536254882812,NaN
Basophils,pTBK1,GM-CSF,11.347904682159424,75.5296096609595
CD4+T cells,pPLCg2,Ebola VLPs,5.421258568763733,9.254104717381649
B Cells,pMAPKAPK2,IFNa2,6.407016396522522,8.353906754535657
CD1c+ B cells,pZap70/Syk,IFNg,6.448208808898926,NaN
B Cells,pS6,IL-12,46.886030197143555,412.2655031495194
pDCs,pCREB,PMAIono,46.76036834716797,1349.2584897344543
CD1c+ B cells,pMAPKAPK2,Basal,8.293092250823975,NaN
CD4+/CD8+,pSTAT4,IL-6,9.283072710037231,NaN
CD11b-/CD16-,Ki67,IFNa2,34.171316146850586,415.1706766058346
Neutrophils,pCREB,IL-2,24.387439727783203,142.64674251207617
CD8+T cells,pP38,Ebola VLPs,14.04731273651123,47.94149713427079
Basophils,pS6,TNFa,47.37652111053467,598.4570056540208
CD4+T cells,pCREB,GM-CSF,18.227662086486816,73.99843483338717
B Cells,pZap70/Syk,Ebola VLPs,3.9825289249420166,3.8019360444613475
CD16+/CD11b-,pZap70/Syk,CD40L,6.82384717464447,9.58888393147099
CD7+/HLA-DR-,pErk1/2,IFNb,23.757297039031982,262.28374412548
B Cells,pZap70/Syk,R848,3.96907901763916,3.7268564625933784
Neutrophils,IkBa,PMAIono,2.1789660453796387,0.9778131673911543
CD1c+ B cells,pP38,IL-4,26.277828216552734,NaN
CD11b+/CD16-,pSTAT4,Ebola VLPs,16.464125633239746,100.38115905155061
CD11b+/CD16-,Ki67,IL-6,27.793493270874023,285.8892863299815
CD4+T cells,pTBK1,GM-CSF,7.307465076446533,31.298472328242166
Basophils,pCREB,GM-CSF,45.269476890563965,296.06637285591637
CD4+T cells,pSTAT3,IFNg,43.54013919830322,2179.102659889392
CD8+T cells,pSTAT3,CD40L,50.44844341278076,2546.474994952384
CD7+/HLA-DR-,pSTAT3,IL-6,59.27384281158447,3353.9058371491374
CD16+/CD11b-,pPLCg2,CD40L,15.119378566741943,105.49151773422966
pDCs,pMAPKAPK2,R848,17.354509830474854,103.41152544523374
pDCs,Ki67,R848,27.71775722503662,341.3129330514929
CD4+T cells,pErk1/2,IL-2,27.852840423583984,225.09092664624754
CD11b-/CD16-,pP38,IL-4,22.957051277160645,143.62510186036604
CD11b+/CD16-,p4E-BP1,TNFa,34.75935077667236,157.74387303392572
CD7+/HLA-DR-,pErk1/2,IL-2,29.71049976348877,333.2341306346317
pDCs,pSTAT5,R848,17.321173191070557,171.76601363924274
CD1c+ B cells,pSTAT1,TNFa,11.283878445625305,NaN
CD4+T cells,pErk1/2,CD40L,28.70583963394165,245.28508927444602
CD11b+/CD16-,IkBa,IL-12,8.117937803268433,18.752856487303394
CD4+T cells,pErk1/2,IL-6,29.466383934020996,241.23935696585664
CD11b+/CD16-,pSTAT1,IL-6,59.51090335845947,1169.346439983613
CD16+/CD11b+,pMAPKAPK2,TNFa,18.998751640319824,46.20149473593179
CD16+/CD11b+,pSTAT6,IFNg,8.386746168136597,68.68974652590931
CD16+/CD11b+,pS6,R848,88.78535461425781,2886.662852687934
CD16+/CD11b-,pSTAT1,PMAIono,61.42842483520508,1277.1140300329603
CD11b-/CD16-,pP38,Ebola VLPs,19.312739372253418,128.7789689256522
Neutrophils,pSTAT5,Anthrax,16.655174732208252,132.4067227596784
CD1c+ B cells,p4E-BP1,Basal,36.71432113647461,NaN
CD11b+/CD16-,pSTAT5,Basal,19.054068565368652,241.49120431612974
CD11b-/CD16-,p4E-BP1,R848,43.44828510284424,245.90244808896892
CD4+/CD8+,pZap70/Syk,IL-4,6.18494439125061,NaN
Neutrophils,pP38,CD40L,12.034468173980713,37.55018448246905
CD16+/CD11b+,pZap70/Syk,IL-2,6.9252097606658936,14.93548157935127
CD11b-/CD16-,pP38,Anthrax,21.111878395080566,144.1731923867731
pDCs,pErk1/2,LPS,31.895442485809326,375.1296491562581
Neutrophils,pS6,CD40L,48.92371368408203,594.78097140898
CD8+T cells,pS6,LPS,44.16550064086914,448.4600860360958
CD16+/CD11b-,pS6,IL-2,71.0101318359375,1367.2025749140043
CD11b+/CD16-,pSTAT6,GM-CSF,8.513935804367065,49.05706316090701
CD4+/CD8+,pSTAT4,LPS,7.862374305725098,NaN
CD4+/CD8+,pTBK1,IL-12,9.530505657196045,NaN
Neutrophils,pSTAT3,Ebola VLPs,56.79347229003906,4068.21722814007
CD1c+ B cells,pSTAT4,LPS,10.593179941177368,NaN
CD16+/CD11b-,Ki67,PMAIono,18.95560932159424,182.9136094095654
CD8+T cells,pPLCg2,R848,5.845468044281006,11.037404152323585
CD16+/CD11b-,p4E-BP1,Ebola VLPs,20.173826694488525,55.28567891658275
Basophils,pCREB,IFNa2,32.339457511901855,254.38106684807045
CD16+/CD11b+,Ki67,IL-2,24.089187622070312,293.93870244279583
CD1c+ B cells,pZap70/Syk,Ebola VLPs,6.462969183921814,NaN
CD8+T cells,pSTAT6,IL-2,4.7349244356155396,11.820310485978228
CD11b+/CD16-,pSTAT4,CD40L,16.316420078277588,98.315745599746
CD7+/HLA-DR-,pSTAT4,Ebola VLPs,5.984526753425598,11.662465345925796
CD16+/CD11b-,pPLCg2,IFNb,15.190274238586426,96.60734455792971
CD11b+/CD16-,p4E-BP1,IL-2,36.63351249694824,168.56938047646733
CD4+/CD8+,IkBa,IL-2,6.829686164855957,NaN
CD11b+/CD16-,pMAPKAPK2,IL-4,13.337474584579468,30.4395852448584
Basophils,pTBK1,IL-2,11.503482580184937,75.5466609604312
CD16+/CD11b-,pSTAT5,CD40L,20.006396770477295,218.27297249291553
CD7+/HLA-DR-,pErk1/2,IL-4,23.44727325439453,243.80092678787477
CD4+T cells,pSTAT5,IL-12,12.591769218444824,69.85347167765381
CD11b-/CD16-,pMAPKAPK2,IL-6,10.790019512176514,20.386582327957875
CD4+/CD8+,IkBa,IL-4,6.245295763015747,NaN
CD8+T cells,Ki67,LPS,13.218433856964111,75.02395751261777
CD11b-/CD16-,IkBa,PMAIono,8.489097595214844,20.791288465534308
CD7+/HLA-DR-,pSTAT6,IL-6,5.038793206214905,15.036699458725282
CD11b+/CD16-,Ki67,GM-CSF,28.775456428527832,281.07830221744706
CD7+/HLA-DR-,pSTAT6,IL-4,28.898252487182617,153.9388935426812
CD8+T cells,pMAPKAPK2,IFNa2,5.421481013298035,7.421959424481522
CD4+/CD8+,IkBa,CD40L,6.313718318939209,10.018058149338284
CD16+/CD11b-,pSTAT5,PMAIono,19.166297435760498,238.6265778487265
CD11b+/CD16-,pSTAT4,IFNa2,16.711770057678223,95.61019807506
CD7+/HLA-DR-,pSTAT6,Ebola VLPs,5.000648856163025,14.04030449791872
CD11b+/CD16-,Ki67,Anthrax,28.544325351715088,305.14357881555327
CD11b-/CD16-,pSTAT5,Anthrax,17.58998394012451,148.53347316819716
CD4+T cells,pP38,CD40L,13.874977588653564,54.97624553449718
CD1c+ B cells,pSTAT5,GM-CSF,21.83839464187622,NaN
Basophils,pSTAT5,IL-2,25.932923316955566,161.45509213989797
B Cells,pSTAT6,IFNg,7.501604318618774,22.61251598116341
Neutrophils,p4E-BP1,TNFa,6.886140704154968,7.657055790783892
CD7+/HLA-DR-,pZap70/Syk,IL-12,4.087547540664673,4.5074103696625105
CD16+/CD11b+,pTBK1,LPS,239.3308448791504,41838.32811214236
CD11b-/CD16-,pCREB,IFNb,35.68675518035889,362.9990659886097
CD8+T cells,pCREB,GM-CSF,20.996685028076172,87.48537178966332
CD4+T cells,pTBK1,LPS,7.419806003570557,32.89956372428482
CD1c+ B cells,Ki67,Anthrax,23.053407669067383,NaN
Basophils,pS6,Anthrax,51.8820743560791,803.4289403665546
CD4+T cells,pSTAT3,IL-6,54.47086429595947,2352.0530920706437
CD4+/CD8+,pSTAT1,IL-12,40.56882858276367,NaN
CD16+/CD11b+,Ki67,IFNb,22.422921657562256,268.55484268816656
CD7+/HLA-DR-,pS6,IL-4,40.20723819732666,529.1781865883407
Neutrophils,pSTAT5,CD40L,15.540728092193604,114.83002568004956
CD16+/CD11b-,pMAPKAPK2,IL-12,11.980269193649292,20.256788764382424
CD11b-/CD16-,pP38,IFNb,20.133971214294434,131.47712108476986
pDCs,pSTAT4,GM-CSF,10.215282440185547,NaN
CD11b+/CD16-,pSTAT3,IL-2,85.3675708770752,4912.048592157927
CD11b+/CD16-,pTBK1,Basal,13.00348687171936,103.36962662639898
CD8+T cells,pSTAT4,GM-CSF,5.931324243545532,11.277255310457033
Neutrophils,p4E-BP1,IFNa2,6.5918155908584595,7.49420495392254
CD4+T cells,pCREB,IL-4,17.86387062072754,75.68446054532832
CD7+/HLA-DR-,pSTAT6,IL-12,5.152818322181702,15.960461302833846
Basophils,pTBK1,CD40L,11.612581014633179,76.10544816356747
CD8+T cells,pErk1/2,LPS,26.79911756515503,218.57431849829197
pDCs,pErk1/2,IL-4,33.22531223297119,439.57435375209144
CD7+/HLA-DR-,pPLCg2,Anthrax,6.588234901428223,17.928968644213843
CD11b-/CD16-,pPLCg2,Ebola VLPs,10.112218856811523,33.79707978694873
Basophils,pSTAT1,Basal,24.81718921661377,162.71698622247186
CD16+/CD11b-,pSTAT1,R848,49.05244064331055,911.7907081262364
Basophils,Ki67,GM-CSF,16.29741859436035,67.77570703881173
Neutrophils,pP38,IFNa2,11.835197687149048,37.487991380493035
CD1c+ B cells,Ki67,IFNg,24.037694931030273,NaN
B Cells,pTBK1,Anthrax,11.309525966644287,76.7736003443591
CD4+T cells,pErk1/2,IFNb,28.671051502227783,247.66938621095952
pDCs,pTBK1,IFNb,9.823468685150146,87.72468598691214
CD4+/CD8+,pCREB,IL-4,29.47291851043701,NaN
CD4+/CD8+,pP38,CD40L,20.0150785446167,153.8211278343377
pDCs,pMAPKAPK2,IL-12,9.627378225326538,18.97372415753772
CD16+/CD11b-,pTBK1,IL-6,14.293346405029297,121.6006560674059
Neutrophils,pSTAT6,IL-2,4.042745471000671,14.381830501904062
Neutrophils,pErk1/2,Basal,87.22372627258301,1793.9071039145779
CD11b+/CD16-,pErk1/2,PMAIono,90.50348663330078,2004.870576906035
CD1c+ B cells,pMAPKAPK2,GM-CSF,8.2784104347229,NaN
CD11b-/CD16-,pCREB,IFNa2,36.19929313659668,331.3270469960917
CD7+/HLA-DR-,pMAPKAPK2,IL-12,5.426481246948242,9.13942824885307
CD16+/CD11b-,p4E-BP1,IL-6,19.708358764648438,60.45011636919726
CD4+T cells,pSTAT6,IFNg,4.95290994644165,13.313836381005553
B Cells,pSTAT5,Anthrax,14.4145667552948,83.5214692106811
Basophils,pP38,IFNb,11.290254831314087,37.89823958987577
CD4+T cells,pSTAT4,LPS,7.108258247375488,17.497223709822695
Neutrophils,IkBa,Anthrax,2.389565110206604,1.1141196730488812
CD1c+ B cells,p4E-BP1,PMAIono,35.01312446594238,NaN
CD1c+ B cells,pSTAT4,IL-12,10.650355815887451,NaN
CD11b+/CD16-,pMAPKAPK2,CD40L,13.35675048828125,29.042009243214306
CD1c+ B cells,pS6,IFNg,69.8311996459961,NaN
CD16+/CD11b-,pTBK1,LPS,172.02096557617188,24964.04640212872
B Cells,Ki67,Basal,16.948803424835205,89.48728148180035
CD16+/CD11b-,pSTAT1,LPS,52.94800567626953,985.7912410739946
Neutrophils,pSTAT1,Anthrax,26.959757804870605,302.5592906248294
CD16+/CD11b+,IkBa,Ebola VLPs,6.4202446937561035,11.467211678987361
Neutrophils,pSTAT5,R848,15.24794864654541,113.11796058333177
CD4+/CD8+,pS6,R848,78.40253257751465,NaN
CD16+/CD11b-,IkBa,Basal,5.09666645526886,5.1779452667097905
CD16+/CD11b+,pS6,IFNa2,83.37338066101074,2718.181470297449
CD11b+/CD16-,pMAPKAPK2,TNFa,18.573711395263672,39.21456772650667
CD11b+/CD16-,pSTAT6,IL-6,7.9356911182403564,49.15642256242423
B Cells,IkBa,IFNb,5.166105508804321,8.63196319791687
pDCs,pSTAT1,GM-CSF,21.8846697807312,NaN
pDCs,p4E-BP1,IL-6,40.86436367034912,216.59412262251524
CD4+/CD8+,pTBK1,IL-2,8.763548612594604,NaN
CD7+/HLA-DR-,pCREB,LPS,21.454227447509766,125.69797610738318
CD16+/CD11b+,pPLCg2,IL-12,16.24149751663208,177.2874179058882
CD16+/CD11b-,pSTAT3,R848,69.93109130859375,4520.3623914183745
CD11b+/CD16-,pZap70/Syk,IL-4,5.60831618309021,9.04622007016639
CD11b-/CD16-,pSTAT4,IL-2,13.436793804168701,54.04329151015229
Neutrophils,pMAPKAPK2,Anthrax,8.425322771072388,17.311901598098867
CD16+/CD11b+,pCREB,R848,64.23906326293945,1160.2324767721555
pDCs,pTBK1,IL-6,11.097004890441895,103.27068240318744
CD11b+/CD16-,pSTAT3,IL-4,84.6151123046875,5450.742146030181
CD16+/CD11b+,pTBK1,Ebola VLPs,14.66862678527832,222.52592682681322
CD1c+ B cells,pCREB,LPS,25.29074764251709,NaN
CD11b+/CD16-,IkBa,IL-2,8.659173250198364,26.058255583420124
B Cells,pSTAT3,R848,41.06874084472656,2443.3323898812314
CD4+/CD8+,pP38,PMAIono,21.18249225616455,NaN
Basophils,pSTAT4,R848,9.55272650718689,26.942448766532962
CD16+/CD11b-,p4E-BP1,IFNg,22.682393550872803,59.944780719168634
CD11b-/CD16-,IkBa,Ebola VLPs,10.793967723846436,38.73451917791677
CD11b+/CD16-,pSTAT6,PMAIono,7.407914638519287,50.998445851062
B Cells,IkBa,IL-4,5.1769514083862305,9.056184997927817
pDCs,pS6,PMAIono,69.33586692810059,1579.071978932705
CD11b+/CD16-,Ki67,R848,27.052590370178223,263.81721301406606
Basophils,pCREB,Anthrax,38.48898506164551,336.6496265846311
CD11b+/CD16-,pS6,LPS,74.7352523803711,1753.008061915867
B Cells,pErk1/2,PMAIono,53.290225982666016,809.8828917837553
CD16+/CD11b-,IkBa,PMAIono,4.707107782363892,4.25943418647734
CD1c+ B cells,pZap70/Syk,TNFa,6.097685813903809,NaN
pDCs,p4E-BP1,LPS,39.594491958618164,179.15441005497334
CD7+/HLA-DR-,Ki67,IL-2,11.484193325042725,51.641522554082
Neutrophils,pMAPKAPK2,R848,9.910686492919922,20.156744226080928
CD8+T cells,IkBa,IFNg,5.519552230834961,8.957287038976252
CD4+/CD8+,pPLCg2,Ebola VLPs,9.684333324432373,NaN
CD11b-/CD16-,pSTAT4,IL-4,13.486430644989014,48.512948323745725
CD1c+ B cells,pTBK1,CD40L,35.75664520263672,NaN
Basophils,p4E-BP1,CD40L,11.063419103622437,11.262060421240193
CD8+T cells,pSTAT3,Anthrax,51.37576389312744,2487.128952927367
CD4+/CD8+,p4E-BP1,PMAIono,9.916234016418457,NaN
CD11b-/CD16-,pZap70/Syk,IL-12,4.987564325332642,7.144410501356666
CD4+/CD8+,pPLCg2,TNFa,9.628901958465576,NaN
CD16+/CD11b+,pSTAT6,Anthrax,7.89557158946991,65.0011280324516
CD1c+ B cells,Ki67,LPS,22.1783549785614,NaN
CD11b+/CD16-,pSTAT4,R848,15.190987586975098,78.13193457159068
pDCs,pSTAT4,IL-12,9.87287449836731,42.661495930518534
CD4+/CD8+,IkBa,Anthrax,6.734974384307861,NaN
CD4+T cells,pMAPKAPK2,Basal,5.746914744377136,7.332213271435799
CD8+T cells,pSTAT4,CD40L,5.984622240066528,12.14044000717661
CD4+T cells,pTBK1,IL-6,7.327657699584961,33.04649626730161
CD7+/HLA-DR-,pSTAT6,TNFa,4.962938666343689,14.751043411407219
CD4+/CD8+,pSTAT1,IFNa2,60.13607120513916,NaN
CD11b+/CD16-,pErk1/2,CD40L,72.4680004119873,1777.3826185584578
CD16+/CD11b-,pSTAT4,CD40L,12.97380542755127,64.01325910385214
CD8+T cells,pSTAT6,Anthrax,4.096094608306885,11.099798240690074
Basophils,pZap70/Syk,IFNa2,2.954212248325348,2.468831402162432
B Cells,pErk1/2,LPS,26.61910581588745,192.32038042537553
B Cells,pPLCg2,LPS,6.687878251075745,12.028191074982647
pDCs,IkBa,IFNa2,10.240709781646729,31.370776117442222
Neutrophils,IkBa,GM-CSF,2.236886978149414,1.2378427103304208
CD7+/HLA-DR-,pSTAT4,IL-6,5.940733194351196,12.489701243066865
CD11b+/CD16-,pMAPKAPK2,IL-2,12.886638641357422,30.287040192376313
CD11b-/CD16-,pTBK1,IL-4,12.843899965286255,82.85293169635166
CD11b+/CD16-,Ki67,IFNg,28.729358673095703,298.1921222147876
CD16+/CD11b+,pSTAT4,IFNb,18.264354705810547,130.93613935159317
pDCs,pSTAT6,IFNb,21.53199005126953,156.73413144274951
CD7+/HLA-DR-,pZap70/Syk,IFNb,3.93281352519989,4.370623308618906
CD8+T cells,pMAPKAPK2,GM-CSF,5.564367175102234,7.2872180333223495
CD11b+/CD16-,pS6,R848,77.83139991760254,1747.1702133717754
pDCs,pP38,IL-4,23.833889961242676,209.91231693245336
B Cells,pSTAT6,IL-4,70.28519248962402,498.67844752001537
CD16+/CD11b-,pPLCg2,TNFa,14.562260150909424,85.17288297630591
Basophils,pMAPKAPK2,R848,7.524415731430054,10.811670567645129
Neutrophils,pCREB,CD40L,23.54362154006958,116.41609705858794
CD8+T cells,pS6,Basal,45.48106670379639,438.997385938371
pDCs,pErk1/2,Basal,33.17607307434082,439.2474966413363
CD8+T cells,pSTAT6,GM-CSF,4.063653826713562,10.2483608150118
CD1c+ B cells,pCREB,Basal,24.84794521331787,NaN
B Cells,pTBK1,IFNa2,11.009181499481201,59.694435579840864
Neutrophils,pTBK1,PMAIono,4.395607233047485,12.661054406378897
CD4+/CD8+,pP38,IL-2,21.978161811828613,NaN
CD11b-/CD16-,pMAPKAPK2,LPS,12.232192993164062,30.168645134253033
CD4+/CD8+,pPLCg2,IFNa2,9.08759331703186,NaN
CD4+/CD8+,pSTAT5,IL-6,21.860100269317627,NaN
CD8+T cells,pPLCg2,Anthrax,5.974213361740112,12.166065307999874
Neutrophils,IkBa,IL-12,2.4227347373962402,1.1793192186427846
CD4+T cells,pZap70/Syk,IL-4,4.685209512710571,1.8781248552968617
CD4+/CD8+,pS6,IL-4,74.3370532989502,NaN
pDCs,pSTAT4,IFNg,10.286923885345459,36.78474267396763
CD16+/CD11b+,IkBa,GM-CSF,6.115939497947693,9.01338232831018
B Cells,pPLCg2,TNFa,6.7180415391922,12.20242942793806
Basophils,p4E-BP1,IL-6,11.172552585601807,10.82052524323282
CD8+T cells,pSTAT1,R848,20.316030025482178,111.13543579311202
CD4+T cells,pP38,IL-12,13.975597858428955,60.85045813715047
Basophils,pSTAT3,IFNg,49.36797904968262,3976.567891385167
pDCs,pZap70/Syk,IL-12,4.46937096118927,5.117672150637801
CD16+/CD11b-,pTBK1,R848,322.40496826171875,28005.284298228293
CD1c+ B cells,pSTAT1,IL-12,11.116347312927246,NaN
pDCs,IkBa,Basal,10.194285869598389,28.513570789581493
Neutrophils,pP38,GM-CSF,14.59263563156128,41.11892698357623
Neutrophils,p4E-BP1,IFNg,7.655354857444763,8.874223163063846
CD7+/HLA-DR-,pTBK1,GM-CSF,7.647147536277771,33.246947537604214
CD8+T cells,p4E-BP1,R848,7.275023460388184,4.014215121169336
CD8+T cells,pSTAT4,Anthrax,6.141026496887207,12.14844380548581
CD11b-/CD16-,pS6,CD40L,69.42689323425293,1185.1993420391286
B Cells,pTBK1,Basal,10.934741735458374,58.73963464299642
CD4+T cells,pS6,CD40L,45.7319278717041,453.96869961079466
CD1c+ B cells,pS6,Anthrax,74.51491928100586,NaN
Basophils,pPLCg2,IFNg,6.982768535614014,10.044719271165294
CD16+/CD11b+,pErk1/2,IFNg,73.53231811523438,1852.8938769448268
CD8+T cells,Ki67,PMAIono,13.759716033935547,78.52242657351205
CD11b-/CD16-,pSTAT6,IL-12,8.098808288574219,42.285127484334275
B Cells,IkBa,CD40L,3.1661269068717957,3.881068080521862
Basophils,pSTAT6,IL-12,6.427559852600098,27.52744342668084
CD4+/CD8+,pCREB,Anthrax,32.142019271850586,NaN
Basophils,p4E-BP1,TNFa,11.463610649108887,11.55942054448607
CD16+/CD11b+,IkBa,IL-4,6.373677015304565,10.904384804963886
CD4+/CD8+,pP38,LPS,19.837587356567383,NaN
Neutrophils,pSTAT6,IFNa2,3.7812198400497437,14.009039914250645
Neutrophils,pMAPKAPK2,GM-CSF,9.497921466827393,19.150275082530406
CD7+/HLA-DR-,pSTAT4,IL-12,8.52484679222107,22.502652168135384
B Cells,pSTAT1,Ebola VLPs,5.7298197746276855,10.88148247388338
Basophils,pCREB,IFNb,33.135212898254395,264.0176771171887
CD4+T cells,pSTAT6,R848,4.877206325531006,14.14299575757184
CD16+/CD11b+,pCREB,Ebola VLPs,54.25588417053223,815.7751709502688
B Cells,p4E-BP1,Anthrax,25.150113105773926,24.629025274177376
Basophils,pPLCg2,TNFa,6.835609436035156,11.706512000643597
CD7+/HLA-DR-,pMAPKAPK2,CD40L,5.361177206039429,8.361523188862074
Basophils,pP38,Basal,10.550180673599243,36.763811919343645
B Cells,pZap70/Syk,IFNa2,3.908221960067749,3.4729999229825665
B Cells,pSTAT1,CD40L,6.02082622051239,9.808418257286634
Basophils,pP38,IFNa2,10.963460445404053,36.43587039549949
CD11b-/CD16-,pZap70/Syk,PMAIono,4.879349708557129,5.940156607950727
CD7+/HLA-DR-,Ki67,TNFa,11.384276390075684,51.00914457353757
CD7+/HLA-DR-,pMAPKAPK2,PMAIono,5.763012647628784,10.874283832569544
CD11b+/CD16-,p4E-BP1,Anthrax,32.494367599487305,131.26868859575865
B Cells,pSTAT4,R848,8.911751985549927,18.88224086917307
CD16+/CD11b+,pSTAT5,CD40L,22.163645267486572,387.8173737778264
Basophils,pMAPKAPK2,IFNg,7.626676321029663,13.731342584175373
Neutrophils,pS6,IL-4,49.107383728027344,626.5678024443533
B Cells,pCREB,GM-CSF,19.427829265594482,78.58929130698387
CD16+/CD11b+,pPLCg2,IFNg,15.376956462860107,120.33542700778254
CD11b-/CD16-,pErk1/2,IFNb,42.25039291381836,1001.6279021641006
CD1c+ B cells,pSTAT4,PMAIono,10.845651626586914,NaN
CD16+/CD11b-,pPLCg2,GM-CSF,15.19055700302124,99.25382286889811
CD4+/CD8+,pZap70/Syk,IL-6,6.033606052398682,NaN
CD4+/CD8+,pErk1/2,IL-2,51.24751281738281,NaN
Neutrophils,IkBa,R848,1.9461269676685333,0.9742768083718918
CD11b+/CD16-,pPLCg2,CD40L,12.116641521453857,63.44176979111198
CD16+/CD11b+,pSTAT1,IL-6,64.99435329437256,1546.9742688247377
Neutrophils,pP38,IL-6,11.73398208618164,36.4468874863434
CD4+T cells,pTBK1,R848,7.165273308753967,32.33136681290066
pDCs,pP38,IL-2,20.715670585632324,160.50188643683467
CD16+/CD11b-,pTBK1,CD40L,15.247988224029541,126.28960256038515
CD4+/CD8+,Ki67,IFNg,18.410171031951904,NaN
CD11b-/CD16-,pZap70/Syk,TNFa,5.137639880180359,6.572262780280043
CD11b-/CD16-,pCREB,LPS,40.9141845703125,411.79115365290556
CD4+/CD8+,pZap70/Syk,IFNa2,5.88334333896637,NaN
CD7+/HLA-DR-,pZap70/Syk,LPS,3.9418623447418213,4.1739638819308436
CD11b-/CD16-,pErk1/2,LPS,47.866883277893066,1335.3342385432532
CD7+/HLA-DR-,pSTAT5,IFNg,10.314325094223022,47.9034249533459
CD16+/CD11b+,pSTAT6,IL-4,115.23595809936523,1627.2900859830038
Neutrophils,pCREB,GM-CSF,26.56327724456787,130.055914887802
Neutrophils,IkBa,IFNg,2.474453091621399,1.4161292477354908
B Cells,p4E-BP1,GM-CSF,25.556002140045166,24.30747884493389
pDCs,pPLCg2,TNFa,9.938730716705322,34.471579815352136
CD16+/CD11b-,pMAPKAPK2,IL-4,12.404908418655396,21.026906931605563
CD11b-/CD16-,pSTAT3,LPS,63.159034729003906,3713.0745696942286
CD4+/CD8+,pSTAT1,CD40L,43.85020637512207,547.5695186109008
B Cells,pS6,IL-4,44.29879570007324,338.9407223862416
CD11b+/CD16-,pSTAT4,Anthrax,16.604815006256104,101.48921850552269
Neutrophils,pCREB,IFNg,23.237777709960938,138.48056651144998
CD4+T cells,IkBa,IFNb,6.525694370269775,10.6516002622708
CD11b-/CD16-,pTBK1,Anthrax,13.22832441329956,91.45316429697554
CD16+/CD11b+,pSTAT3,IFNb,123.9016342163086,9475.616921815947
CD16+/CD11b-,Ki67,LPS,17.162487506866455,168.04131913980973
CD11b+/CD16-,pSTAT3,PMAIono,81.31631660461426,5938.603763940418
CD11b+/CD16-,IkBa,IFNb,8.103439569473267,19.069450395337117
CD4+T cells,pSTAT5,LPS,12.249393701553345,63.4017531782901
B Cells,pS6,GM-CSF,43.42500114440918,314.849675210208
CD1c+ B cells,pSTAT3,Anthrax,67.6106128692627,NaN
Basophils,pMAPKAPK2,PMAIono,8.846540212631226,26.629368338940314
CD16+/CD11b+,pSTAT1,Ebola VLPs,57.056007385253906,1416.0339418042965
CD16+/CD11b+,Ki67,PMAIono,23.21549081802368,350.9815120613279
Basophils,pSTAT3,IL-4,50.66341495513916,4370.19647986463
CD4+T cells,pSTAT5,IFNa2,26.50580406188965,132.60786525049815
CD8+T cells,pMAPKAPK2,Anthrax,5.741882562637329,8.095778934634476
CD4+/CD8+,pCREB,TNFa,32.566301345825195,NaN
B Cells,pS6,IL-6,43.86486339569092,319.3445017445824
Neutrophils,pTBK1,IL-6,4.496874690055847,12.281162638185574
pDCs,pP38,IL-6,22.22465991973877,242.01934057873993
CD11b-/CD16-,pP38,IFNa2,19.585526943206787,121.58092127242665
CD4+/CD8+,IkBa,Basal,6.688339948654175,NaN
CD11b-/CD16-,pP38,PMAIono,19.588845252990723,144.72326728518658
CD8+T cells,Ki67,IL-2,13.101621866226196,77.27665904707494
CD16+/CD11b-,pSTAT1,IFNg,83.48701286315918,1636.5523285738675
CD4+/CD8+,pSTAT4,Ebola VLPs,7.699127793312073,NaN
CD11b+/CD16-,pPLCg2,IFNg,12.130935668945312,58.06043203355998
Neutrophils,pMAPKAPK2,CD40L,7.088371276855469,13.04849876602457
CD11b-/CD16-,Ki67,R848,34.485857009887695,523.7377342675632
CD4+/CD8+,pZap70/Syk,Anthrax,6.364660024642944,NaN
CD11b-/CD16-,pPLCg2,IFNg,9.776322364807129,30.60119386768824
CD16+/CD11b-,pS6,IL-6,71.11604690551758,1287.3327770433284
B Cells,pCREB,TNFa,19.25509786605835,85.21910437016942
CD11b+/CD16-,pP38,IL-6,18.896092414855957,135.2170455181275
CD11b-/CD16-,IkBa,IFNg,11.76843786239624,39.89488131720398
pDCs,pP38,LPS,20.52996015548706,162.8819239004767
CD11b+/CD16-,pP38,CD40L,18.103992462158203,125.05893024430625
Neutrophils,pErk1/2,IL-6,83.81976318359375,1699.1691120238534
CD16+/CD11b-,pSTAT1,Anthrax,48.72013854980469,1015.3353825920517
CD7+/HLA-DR-,pMAPKAPK2,IL-6,5.14466655254364,8.12395405046134
pDCs,pTBK1,IFNg,11.344065189361572,99.36269688500794
CD4+/CD8+,pMAPKAPK2,R848,8.9919273853302,NaN
CD16+/CD11b+,pCREB,PMAIono,57.50178337097168,1231.9971580976544
CD4+/CD8+,pS6,GM-CSF,73.02692222595215,NaN
Basophils,p4E-BP1,LPS,10.898342609405518,11.095592358688974
CD11b-/CD16-,pSTAT1,R848,25.997204780578613,422.67296514056204
B Cells,pMAPKAPK2,IFNb,6.461353778839111,8.584446451048931
CD1c+ B cells,pTBK1,IFNa2,15.416539907455444,NaN
CD1c+ B cells,pS6,IFNb,73.04637145996094,NaN
CD16+/CD11b-,IkBa,LPS,4.617663621902466,4.4353476481790395
pDCs,pSTAT6,CD40L,8.622400283813477,46.07181237010038
CD8+T cells,pS6,IFNa2,44.82279682159424,440.30061253965073
CD8+T cells,pErk1/2,Basal,26.188199043273926,205.81095661375173
CD4+T cells,pTBK1,Basal,7.141128897666931,29.08789063292019
CD7+/HLA-DR-,pErk1/2,IFNa2,23.579160690307617,250.21040364489605
CD7+/HLA-DR-,pSTAT4,IFNa2,18.64525079727173,65.2841367159434
Neutrophils,pTBK1,IFNb,4.665852069854736,14.380858132092841
pDCs,IkBa,IL-2,9.856480836868286,26.61245115667703
CD11b+/CD16-,pSTAT5,R848,18.7168550491333,198.76224727059315
CD7+/HLA-DR-,pPLCg2,IL-2,7.011025786399841,19.70602991834467
CD11b+/CD16-,pSTAT4,IL-4,15.694257259368896,91.83425811417976
CD11b-/CD16-,pZap70/Syk,IL-6,5.211994886398315,6.703390322739628
Basophils,pTBK1,LPS,12.95612096786499,82.60900525545672
CD11b+/CD16-,pErk1/2,LPS,87.19084358215332,2146.35457005688
CD16+/CD11b-,pPLCg2,IL-6,14.949731349945068,89.09640536098307
Neutrophils,pSTAT5,IL-4,17.20812225341797,123.75813073117239
CD4+/CD8+,Ki67,PMAIono,19.196918487548828,NaN
pDCs,pZap70/Syk,LPS,4.520689010620117,5.8117398432468015
CD16+/CD11b-,pPLCg2,PMAIono,14.432648658752441,106.32808385909956
CD8+T cells,pSTAT3,IFNb,56.548683166503906,2533.6243837667603
Neutrophils,IkBa,IFNb,2.333750009536743,1.1816561490650652
CD4+T cells,pSTAT1,IL-12,22.880908012390137,137.725399289079
B Cells,pErk1/2,IL-12,27.84038782119751,221.48887661349082
CD16+/CD11b+,p4E-BP1,GM-CSF,28.37454128265381,128.0992436729338
B Cells,pPLCg2,GM-CSF,6.4507691860198975,10.495596958727246
CD16+/CD11b-,pZap70/Syk,GM-CSF,6.628072500228882,9.027725340198986
CD8+T cells,pP38,GM-CSF,14.308921813964844,45.9732340554224
CD1c+ B cells,p4E-BP1,IL-6,32.99244689941406,NaN
CD7+/HLA-DR-,pPLCg2,CD40L,6.334047436714172,17.046083419148328
Neutrophils,pCREB,PMAIono,28.484688758850098,175.01233256259783
CD4+/CD8+,pErk1/2,IL-12,54.609840393066406,NaN
CD16+/CD11b+,pCREB,IL-4,50.08754920959473,801.3823953993875
CD1c+ B cells,pPLCg2,IL-4,9.32129168510437,NaN
CD16+/CD11b-,IkBa,IFNg,5.223715782165527,4.906712948996662
Neutrophils,Ki67,IL-6,9.805063247680664,51.43262415510644
CD4+T cells,pSTAT6,IL-6,5.30034077167511,15.723366939755797
CD16+/CD11b+,pErk1/2,Basal,73.90414810180664,1973.7848615954808
CD8+T cells,pPLCg2,IL-4,5.805522799491882,11.083889391927336
CD4+T cells,pP38,LPS,13.669091701507568,55.26766962369969
CD1c+ B cells,pTBK1,IL-12,17.143692016601562,NaN
CD16+/CD11b-,pSTAT1,IFNa2,75.27711868286133,1665.0199948658185
CD8+T cells,p4E-BP1,PMAIono,7.3402663469314575,4.688121103045631
CD8+T cells,pZap70/Syk,IL-12,4.490256309509277,1.7840015034395635
pDCs,pMAPKAPK2,IL-6,10.005481243133545,21.45088947536549
Neutrophils,pCREB,IL-12,23.87501096725464,127.00240881411756
pDCs,pCREB,Basal,25.058924198150635,187.84842177266685
CD11b-/CD16-,Ki67,IL-2,35.136892318725586,525.0234071545813
CD7+/HLA-DR-,pTBK1,IL-6,7.631389737129211,36.40322482597335
Basophils,Ki67,IL-2,17.107463836669922,88.65163112129584
CD16+/CD11b-,pSTAT5,IFNb,42.066569328308105,407.58215794341913
CD16+/CD11b+,pCREB,IFNa2,49.38293647766113,851.2710423844871
pDCs,pCREB,IFNa2,25.566739559173584,213.42319697327582
B Cells,pPLCg2,IFNb,6.547062873840332,12.514763582544417
CD4+T cells,pSTAT4,PMAIono,7.2865577936172485,18.469901833063176
Neutrophils,pSTAT6,LPS,3.6602599024772644,11.921153579914403
pDCs,pCREB,R848,34.23055839538574,506.56761789893267
CD8+T cells,pS6,PMAIono,45.44271945953369,489.562287030512
Neutrophils,pSTAT4,IL-4,7.955581068992615,26.644713699267825
CD4+/CD8+,pSTAT1,Ebola VLPs,42.847856521606445,NaN
Neutrophils,pPLCg2,GM-CSF,7.049803256988525,16.875825071358182
CD8+T cells,pTBK1,IL-4,6.379025936126709,25.648371197484426
CD16+/CD11b-,pSTAT3,CD40L,65.36520195007324,4340.523592056482
CD16+/CD11b+,IkBa,CD40L,5.817475318908691,10.177315063919357
CD11b+/CD16-,pS6,Basal,75.64474487304688,1619.3169335407115
CD1c+ B cells,IkBa,LPS,10.803107261657715,NaN
pDCs,pSTAT5,IFNg,18.249908924102783,144.84960551048752
CD8+T cells,pTBK1,Ebola VLPs,6.392277240753174,25.150162419004445
CD4+T cells,pSTAT6,Anthrax,5.016367554664612,15.087425400039354
CD7+/HLA-DR-,pMAPKAPK2,IFNg,5.52526330947876,8.772642678565179
CD7+/HLA-DR-,pTBK1,IFNg,7.581115007400513,33.40526038954111
Basophils,IkBa,R848,6.011240601539612,7.438398547992257
CD8+T cells,pPLCg2,IL-6,5.809820532798767,10.894403236630513
CD4+T cells,Ki67,CD40L,17.0326886177063,108.93508283209688
CD4+/CD8+,pMAPKAPK2,CD40L,9.205849170684814,40.88370461374296
Basophils,pZap70/Syk,PMAIono,3.2957760095596313,3.548391269407346
Neutrophils,pMAPKAPK2,LPS,9.919045448303223,24.35520879947498
pDCs,pZap70/Syk,IL-2,4.864197373390198,5.162964418829289
Basophils,pSTAT5,IL-6,26.164625644683838,138.3356302562737
CD11b-/CD16-,pErk1/2,IFNg,39.676615715026855,542.6222542310596
CD4+/CD8+,pSTAT3,IFNa2,87.47518539428711,NaN
B Cells,pSTAT3,Basal,39.29049491882324,2327.7187965191542
pDCs,pSTAT5,Basal,17.35077953338623,190.64655330913354
CD7+/HLA-DR-,pS6,Anthrax,41.149203300476074,554.830618728159
CD8+T cells,p4E-BP1,IFNb,6.879322409629822,3.733585814611291
Neutrophils,p4E-BP1,IL-4,6.7612714767456055,7.157410995483971
CD4+T cells,p4E-BP1,GM-CSF,9.137782335281372,6.195271901447713
CD4+/CD8+,pTBK1,IFNa2,8.149115085601807,NaN
pDCs,pMAPKAPK2,IL-2,9.770421743392944,21.738780369933963
CD11b+/CD16-,pSTAT3,Anthrax,93.54141044616699,5814.7299401713635
CD1c+ B cells,pMAPKAPK2,IFNg,8.931583642959595,NaN
CD11b+/CD16-,pSTAT5,CD40L,18.899564743041992,231.4635077245171
CD11b+/CD16-,pTBK1,Ebola VLPs,12.55464220046997,107.51977158933522
CD4+/CD8+,pSTAT4,IL-4,7.643714427947998,NaN
CD7+/HLA-DR-,Ki67,Anthrax,11.69094181060791,49.20788602506709
B Cells,pSTAT5,IL-12,13.558886051177979,78.42163658520855
CD1c+ B cells,pSTAT1,R848,12.219095945358276,NaN
Neutrophils,pSTAT6,Ebola VLPs,3.6273306012153625,9.399270831513508
CD7+/HLA-DR-,pMAPKAPK2,IFNa2,5.211230039596558,8.167981563300295
CD16+/CD11b-,pErk1/2,CD40L,52.60807418823242,1037.1315152832665
pDCs,pSTAT3,IFNg,65.90097045898438,2836.042986356845
Basophils,pP38,IFNg,11.385599374771118,36.55779272680915
CD7+/HLA-DR-,pS6,Ebola VLPs,39.17481803894043,511.30462163819095
CD4+T cells,Ki67,R848,17.15156126022339,106.76658807117113
pDCs,pErk1/2,R848,41.52159786224365,816.6589281057886
B Cells,p4E-BP1,PMAIono,25.80761957168579,25.051587338777093
CD7+/HLA-DR-,p4E-BP1,LPS,6.196326851844788,4.478684774241101
Basophils,pS6,IL-2,49.04678821563721,641.4759318192312
CD16+/CD11b+,pSTAT4,IL-12,17.55849599838257,157.74629253889506
Neutrophils,pMAPKAPK2,IFNg,7.032810807228088,13.057499542921054
CD7+/HLA-DR-,IkBa,IL-2,4.90142548084259,6.69840027848019
CD11b+/CD16-,pSTAT4,IFNg,17.210824966430664,95.36457043442452
pDCs,pS6,TNFa,67.16569137573242,1437.7093868534248
CD11b-/CD16-,pSTAT5,PMAIono,16.461133003234863,169.87059439433648
Basophils,pSTAT4,IL-4,9.796082973480225,28.85554175493336
CD11b-/CD16-,pZap70/Syk,LPS,5.243727684020996,6.967042969096983
CD1c+ B cells,pPLCg2,IL-12,9.890509605407715,NaN
CD16+/CD11b+,pErk1/2,GM-CSF,131.32342529296875,3263.524315761096
CD1c+ B cells,pCREB,IFNg,26.923485279083252,NaN
CD4+T cells,pCREB,IFNa2,18.090535163879395,75.90556465794272
CD8+T cells,pSTAT4,IL-4,5.903850674629211,11.28640243972546
CD16+/CD11b+,pZap70/Syk,Basal,7.010951519012451,13.94760667099197
CD11b-/CD16-,pSTAT6,CD40L,8.480945587158203,39.53321737724828
CD7+/HLA-DR-,Ki67,R848,11.652571678161621,49.338753312838996
Basophils,IkBa,IFNa2,5.946194171905518,7.180031445814776
CD8+T cells,IkBa,CD40L,5.198286414146423,8.195737173487755
CD4+/CD8+,pSTAT6,LPS,5.776597261428833,NaN
CD4+/CD8+,pMAPKAPK2,IFNa2,8.710384845733643,NaN
pDCs,pSTAT1,IL-2,19.564675331115723,250.7578429040587
CD16+/CD11b+,pSTAT6,R848,6.701424837112427,47.054866887848796
CD1c+ B cells,pErk1/2,Ebola VLPs,33.36556100845337,NaN
CD11b+/CD16-,pMAPKAPK2,PMAIono,14.881724119186401,37.363878165602706
CD1c+ B cells,p4E-BP1,IL-12,34.19613027572632,NaN
CD1c+ B cells,pZap70/Syk,IL-4,5.564558148384094,NaN
CD7+/HLA-DR-,pCREB,IFNb,21.790733814239502,131.04190993968876
CD8+T cells,p4E-BP1,IL-2,7.4238128662109375,4.193525304256044
CD4+T cells,pZap70/Syk,Anthrax,4.793620824813843,2.0433318328500754
pDCs,pSTAT5,IFNb,41.957115173339844,421.3461149277061
CD11b-/CD16-,p4E-BP1,GM-CSF,43.37489700317383,247.06886176065703
CD4+T cells,pZap70/Syk,IFNb,4.5926162004470825,1.8506980777775819
CD8+T cells,pSTAT1,IL-6,26.093376636505127,150.16417171463777
Neutrophils,p4E-BP1,R848,7.065081596374512,6.674161787101748
pDCs,pErk1/2,PMAIono,42.21935272216797,756.4260007063704
Neutrophils,Ki67,IFNa2,9.753093957901001,56.79301823516301
CD16+/CD11b+,pP38,IFNa2,19.12821626663208,176.12195922028943
CD4+/CD8+,pSTAT6,IFNa2,6.453319072723389,NaN
CD11b-/CD16-,Ki67,CD40L,34.3554744720459,416.98192898245827
CD8+T cells,pSTAT4,Ebola VLPs,5.919903039932251,11.053442013492905
CD4+/CD8+,pP38,IFNa2,19.344534397125244,NaN
CD4+T cells,p4E-BP1,CD40L,9.103431940078735,6.236428193599252
CD11b-/CD16-,pZap70/Syk,Ebola VLPs,5.082565784454346,6.875742525707536
CD7+/HLA-DR-,pSTAT1,LPS,6.044210910797119,16.512186117192265
CD4+/CD8+,pPLCg2,IL-4,9.931836605072021,NaN
CD7+/HLA-DR-,pSTAT1,IL-4,5.9248998165130615,14.645689059338332
CD4+/CD8+,Ki67,R848,19.153504848480225,NaN
CD16+/CD11b-,pSTAT6,GM-CSF,8.975871324539185,45.95732346109084
CD16+/CD11b-,pErk1/2,Basal,49.14909553527832,849.105142787546
CD1c+ B cells,pPLCg2,IL-6,9.429823398590088,NaN
CD4+T cells,pSTAT4,IFNg,7.216147184371948,15.94653278641256
CD16+/CD11b-,pTBK1,Anthrax,17.95860195159912,259.0882362777499
CD7+/HLA-DR-,pPLCg2,TNFa,6.60550856590271,17.139956731056145
CD7+/HLA-DR-,pCREB,R848,22.327863216400146,130.84180426411604
CD4+T cells,pCREB,IFNb,18.19448757171631,80.98080050511493
Neutrophils,pPLCg2,CD40L,7.2949018478393555,17.440128030388703
CD7+/HLA-DR-,pCREB,TNFa,30.927674293518066,199.21795923428203
CD16+/CD11b-,Ki67,IL-4,18.76051950454712,169.91499737748637
CD8+T cells,pSTAT6,TNFa,4.067009925842285,10.477272519668375
CD11b-/CD16-,pSTAT5,Ebola VLPs,16.897891998291016,158.45661580625776
B Cells,pSTAT5,IL-2,13.376744031906128,75.32472948979617
Basophils,pCREB,R848,33.598496437072754,235.80046486268398
CD4+/CD8+,pZap70/Syk,IL-2,6.340094089508057,NaN
Neutrophils,pP38,Anthrax,14.767258882522583,55.5575540274219
CD11b-/CD16-,p4E-BP1,IL-6,41.97140884399414,254.41213191099047
CD16+/CD11b-,pSTAT4,IL-12,13.081596851348877,73.16702418203265
CD4+/CD8+,IkBa,IFNg,6.496562838554382,NaN
B Cells,Ki67,LPS,17.196441173553467,94.39307961809024
CD1c+ B cells,pTBK1,R848,20.34912085533142,NaN
CD11b-/CD16-,Ki67,IL-6,33.507534980773926,421.3197376597211
B Cells,pSTAT1,PMAIono,5.994492888450623,10.369674767409224
CD4+/CD8+,pSTAT1,Basal,39.10174751281738,NaN
CD4+T cells,pMAPKAPK2,IL-4,5.906298995018005,7.683729364184937
CD11b-/CD16-,pTBK1,GM-CSF,12.987515926361084,86.43313863321983
CD11b-/CD16-,pS6,IFNa2,71.19819259643555,1178.8332122701918
CD8+T cells,pMAPKAPK2,Ebola VLPs,5.326137185096741,7.340547090196016
CD16+/CD11b+,pS6,TNFa,89.80502128601074,2685.196832473768
CD1c+ B cells,Ki67,IL-12,23.485329151153564,NaN
Neutrophils,pSTAT5,IL-2,15.83974003791809,121.09814782685702
CD16+/CD11b-,pSTAT6,R848,7.05252730846405,29.268345911385293
CD4+T cells,Ki67,PMAIono,16.920676231384277,113.383016434014
Basophils,pSTAT4,TNFa,9.83253264427185,27.606854961880778
CD11b+/CD16-,IkBa,Basal,8.744319915771484,23.236976850662412
CD7+/HLA-DR-,pPLCg2,GM-CSF,6.244478225708008,15.358856373076023
B Cells,pTBK1,Ebola VLPs,11.096063137054443,64.46516662001277
pDCs,pSTAT5,LPS,16.81088352203369,187.75359873585205
CD16+/CD11b-,pZap70/Syk,IL-12,6.71842086315155,9.587232328490703
CD11b+/CD16-,pPLCg2,TNFa,11.800324201583862,56.70909942186217
CD4+T cells,pS6,PMAIono,46.559993743896484,497.4939004712163
CD1c+ B cells,pCREB,IL-4,24.50031614303589,NaN
CD11b-/CD16-,pSTAT3,IL-2,63.25125312805176,3230.873533101279
CD7+/HLA-DR-,pSTAT3,IL-2,65.00202369689941,3950.81613176611
Neutrophils,pZap70/Syk,IL-12,8.448358297348022,6.751228232267681
CD16+/CD11b+,pSTAT1,Basal,56.01983070373535,1231.7300086508455
Basophils,Ki67,R848,16.96122407913208,76.78854801450298
Neutrophils,pSTAT4,Ebola VLPs,7.946887731552124,25.052752254353106
Basophils,pSTAT1,IL-12,29.79390525817871,255.18372958978443
B Cells,pP38,GM-CSF,17.956926345825195,81.93050518099797
CD4+/CD8+,pSTAT3,IL-12,102.61929702758789,NaN
CD8+T cells,IkBa,IL-12,5.345446825027466,8.282820263498191
CD4+T cells,pS6,IL-12,46.74476337432861,502.9265372656805
CD11b-/CD16-,pTBK1,CD40L,13.131556272506714,86.39986972195771
CD11b+/CD16-,pSTAT3,R848,92.97824478149414,5550.341704751627
CD1c+ B cells,pSTAT4,IFNb,10.968291759490967,NaN
CD11b+/CD16-,pMAPKAPK2,Ebola VLPs,13.511208772659302,30.551414422923422
Neutrophils,pErk1/2,R848,89.68379020690918,1966.7617025359016
CD16+/CD11b+,pZap70/Syk,IFNa2,7.197535157203674,15.783703643298253
CD16+/CD11b+,Ki67,IL-12,22.671854972839355,344.859507112467
CD4+T cells,p4E-BP1,Basal,9.147704601287842,6.51232157220643
CD8+T cells,pCREB,TNFa,24.65759563446045,112.86348096487863
CD11b+/CD16-,IkBa,PMAIono,7.469617128372192,15.114110222992029
CD4+T cells,pS6,TNFa,45.8183708190918,457.3030017364271
CD8+T cells,pErk1/2,IFNg,26.075596809387207,197.01697675669004
B Cells,pSTAT1,Basal,5.64687442779541,8.642209556007929
Basophils,pZap70/Syk,IL-4,2.992554724216461,2.7141694198567685
CD1c+ B cells,pS6,GM-CSF,68.53312301635742,NaN
CD11b-/CD16-,pSTAT6,Anthrax,8.65640926361084,36.461584778072826
CD8+T cells,Ki67,TNFa,13.684638977050781,75.04004003492692
CD7+/HLA-DR-,p4E-BP1,CD40L,6.291965484619141,4.460337461574034
CD4+T cells,pSTAT1,CD40L,23.326842308044434,165.35040871833579
CD11b+/CD16-,pSTAT1,IFNa2,74.8740406036377,1562.3566883665083
CD11b-/CD16-,IkBa,IL-6,10.203919649124146,31.87018959091904
CD4+T cells,pSTAT3,IFNb,52.53905200958252,2422.3262868369484
B Cells,pSTAT4,GM-CSF,8.65021276473999,18.093397998147914
CD16+/CD11b-,p4E-BP1,IL-2,21.69664764404297,62.66891711029316
CD4+T cells,Ki67,Anthrax,16.869502544403076,110.67696262283414
CD11b+/CD16-,pSTAT5,Anthrax,19.754916667938232,234.74458190703595
CD4+T cells,pErk1/2,IFNa2,28.526347637176514,234.19630071644724
CD4+/CD8+,pSTAT4,GM-CSF,7.3304747343063354,NaN
CD4+/CD8+,pCREB,CD40L,30.680824279785156,664.7312677899765
CD16+/CD11b+,pErk1/2,Anthrax,109.79499435424805,3224.2781154277764
pDCs,pSTAT1,R848,16.53405451774597,239.87046891467972
CD7+/HLA-DR-,pS6,GM-CSF,39.55043125152588,501.401792561853
CD4+/CD8+,pSTAT3,TNFa,88.00071144104004,NaN
CD8+T cells,pSTAT1,PMAIono,21.500293731689453,123.52921353772696
B Cells,pPLCg2,R848,7.007363438606262,12.250643046476895
CD4+T cells,pTBK1,IL-4,7.30473518371582,32.98322967593995
B Cells,pSTAT6,TNFa,7.412861585617065,23.211552223720673
CD11b+/CD16-,pS6,CD40L,73.75326347351074,1579.9756343353745
pDCs,p4E-BP1,GM-CSF,40.22443103790283,NaN
CD11b-/CD16-,pSTAT3,IL-6,68.62471771240234,3222.933242702235
Neutrophils,pErk1/2,IFNb,86.52127456665039,1732.698226994303
CD4+/CD8+,pMAPKAPK2,IL-2,9.582714557647705,NaN
Neutrophils,pSTAT4,LPS,7.867209553718567,27.577050297949267
CD7+/HLA-DR-,pPLCg2,IFNb,6.254801511764526,17.08371107161582
B Cells,pZap70/Syk,IL-4,3.9579172134399414,3.585311232124131
CD1c+ B cells,IkBa,Basal,10.77837586402893,NaN
CD16+/CD11b-,pSTAT5,Basal,19.90991973876953,246.06887916323004
pDCs,pPLCg2,Ebola VLPs,9.634345531463623,25.613029471906113
CD16+/CD11b-,pSTAT4,IL-4,12.499964714050293,62.002343734775614
CD11b+/CD16-,pErk1/2,TNFa,82.84205627441406,1684.725832408652
CD16+/CD11b-,pSTAT5,IFNg,30.47609519958496,264.5259611952829
CD7+/HLA-DR-,IkBa,Anthrax,5.274023652076721,7.144820574275011
CD11b-/CD16-,pSTAT3,IL-4,60.405747413635254,3415.982905805119
CD16+/CD11b+,Ki67,IL-4,23.508686542510986,256.1236547589073
Neutrophils,pZap70/Syk,IL-2,8.374244213104248,6.333012317246082
CD7+/HLA-DR-,pZap70/Syk,IFNa2,3.921513795852661,4.034738944840471
CD16+/CD11b-,pErk1/2,R848,83.55877876281738,1669.392024864951
CD1c+ B cells,Ki67,Ebola VLPs,23.57748031616211,NaN
CD7+/HLA-DR-,p4E-BP1,IL-2,7.121421217918396,5.522810906258354
CD8+T cells,pZap70/Syk,Basal,4.378094553947449,1.4626233318683686
CD1c+ B cells,pTBK1,IL-2,19.185180187225342,NaN
CD16+/CD11b+,pSTAT5,IFNb,47.374491691589355,619.127362580846
CD7+/HLA-DR-,Ki67,GM-CSF,11.315306186676025,48.51756158117811
CD16+/CD11b+,pP38,R848,46.62677001953125,525.2683929999082
CD7+/HLA-DR-,pTBK1,PMAIono,7.621929168701172,36.60776645893329
pDCs,pMAPKAPK2,IFNb,9.8235604763031,27.784697218722698
CD7+/HLA-DR-,IkBa,CD40L,5.0831358432769775,6.581704356101997
pDCs,pTBK1,IL-2,11.024972438812256,88.94446280724425
CD1c+ B cells,pCREB,IFNa2,23.595595359802246,NaN
pDCs,pSTAT5,PMAIono,17.286333084106445,186.0348763132125
CD4+/CD8+,IkBa,LPS,6.578324794769287,NaN
B Cells,pErk1/2,Ebola VLPs,26.83978796005249,183.76005259062313
CD16+/CD11b-,pP38,LPS,37.2891731262207,358.717465211062
pDCs,pP38,IFNa2,23.18815040588379,173.11851386312875
CD4+T cells,Ki67,IL-6,16.562785148620605,103.7126360768239
Basophils,pSTAT6,IFNa2,8.31109094619751,29.529268155656883
CD11b+/CD16-,pP38,Ebola VLPs,18.71129274368286,124.60534968943813
CD11b-/CD16-,pErk1/2,GM-CSF,85.41562843322754,1940.9581514427487
Neutrophils,pCREB,R848,25.375571250915527,127.84852773084813
CD4+T cells,pS6,IFNg,46.18530082702637,434.3245414139327
B Cells,pS6,PMAIono,45.55931758880615,390.8267884697269
Neutrophils,pSTAT4,GM-CSF,7.764009714126587,25.55577759257158
CD16+/CD11b-,IkBa,IL-6,4.758124113082886,4.8955148709329475
CD4+/CD8+,p4E-BP1,Anthrax,9.771693706512451,NaN
CD4+T cells,pTBK1,IL-2,6.834904313087463,30.230652880770354
CD16+/CD11b+,pMAPKAPK2,IFNb,14.854453563690186,39.70874211845685
CD1c+ B cells,pTBK1,TNFa,16.598520278930664,NaN
CD7+/HLA-DR-,pMAPKAPK2,Anthrax,5.510333061218262,9.03251105739686
CD11b+/CD16-,pErk1/2,Ebola VLPs,78.24809837341309,1515.164670197004
Basophils,pSTAT1,IFNa2,31.033906936645508,254.74849703465378
CD16+/CD11b+,p4E-BP1,TNFa,32.84582233428955,123.87190167030937
CD11b-/CD16-,pSTAT4,R848,12.911230564117432,52.36755953612088
CD16+/CD11b+,pSTAT6,IFNa2,11.384111166000366,81.66348145655938
Basophils,pP38,IL-2,11.315452575683594,39.86027188434908
CD4+T cells,pZap70/Syk,Ebola VLPs,4.64762806892395,1.8064279833627996
CD11b+/CD16-,pZap70/Syk,IL-6,5.426374197006226,9.04893386889187
CD16+/CD11b+,pPLCg2,IFNb,15.54935884475708,158.7579523971969
CD1c+ B cells,pErk1/2,TNFa,34.07187080383301,NaN
pDCs,pSTAT6,R848,8.080899357795715,45.065242095729154
CD11b+/CD16-,pSTAT4,IL-2,16.727628231048584,98.33002387552298
CD4+/CD8+,p4E-BP1,GM-CSF,9.319600105285645,NaN
CD11b-/CD16-,pSTAT6,Basal,8.68806266784668,42.21337219412272
CD8+T cells,pSTAT3,IL-2,53.70765495300293,2737.5531025513174
CD8+T cells,pPLCg2,TNFa,5.760980010032654,11.108542249982193
CD16+/CD11b-,pSTAT4,IFNa2,13.031389236450195,64.52411060620223
CD1c+ B cells,pSTAT1,Ebola VLPs,13.140738248825073,NaN
CD11b+/CD16-,pZap70/Syk,CD40L,5.592153787612915,9.23526171053095
CD7+/HLA-DR-,pSTAT1,Anthrax,5.971347332000732,13.59348272721425
CD16+/CD11b+,pP38,Ebola VLPs,20.448420524597168,179.94511169755955
CD1c+ B cells,pErk1/2,R848,37.24355125427246,NaN
CD7+/HLA-DR-,pSTAT4,PMAIono,6.417527198791504,12.912108350584129
CD4+/CD8+,p4E-BP1,TNFa,9.596944093704224,NaN
CD16+/CD11b+,pTBK1,CD40L,16.39416217803955,228.8279306725019
Neutrophils,pZap70/Syk,Basal,8.625863075256348,6.225172292031087
Basophils,p4E-BP1,IL-12,11.404210567474365,11.081842066919263
CD8+T cells,pSTAT3,IFNg,49.69748306274414,2330.439916858041
CD4+T cells,p4E-BP1,Ebola VLPs,9.003252983093262,5.766297822142155
CD4+/CD8+,pMAPKAPK2,Basal,8.422658443450928,NaN
CD7+/HLA-DR-,pPLCg2,IL-6,6.242284417152405,15.251352604215093
CD8+T cells,pZap70/Syk,TNFa,4.395091533660889,1.5318743722846575
CD11b+/CD16-,Ki67,IL-12,27.091339111328125,311.32956681257474
CD11b-/CD16-,pPLCg2,GM-CSF,10.784856796264648,40.34435948524625
CD4+T cells,pTBK1,TNFa,8.18235969543457,34.2485443243961
Basophils,pErk1/2,PMAIono,45.68320846557617,1067.5017601237803
CD8+T cells,IkBa,Ebola VLPs,5.242227673530579,8.58172730951505
CD4+T cells,pSTAT1,Anthrax,21.68563461303711,132.72814953672687
CD4+/CD8+,p4E-BP1,IFNa2,9.235090494155884,NaN
CD8+T cells,pCREB,IFNa2,20.931851387023926,90.27137525192707
Basophils,pSTAT6,PMAIono,6.429718255996704,32.14143679892064
CD16+/CD11b-,pCREB,IL-6,40.07475471496582,396.1946331612779
pDCs,pSTAT5,TNFa,16.598173141479492,272.13805019164096
Neutrophils,pZap70/Syk,IFNa2,8.355844020843506,6.5040774224184
CD1c+ B cells,pErk1/2,GM-CSF,35.83566474914551,NaN
CD7+/HLA-DR-,pSTAT5,Ebola VLPs,9.906113147735596,50.62223128857542
CD16+/CD11b-,pSTAT1,IL-4,52.8736515045166,1189.3919275549943
Basophils,pTBK1,Ebola VLPs,11.83278226852417,79.4512369897333
CD8+T cells,pP38,IL-6,14.152260780334473,49.00859012191841
B Cells,pPLCg2,Anthrax,7.412784814834595,15.616248343730826
Basophils,pSTAT4,IL-12,9.84281039237976,31.26767105740094
pDCs,pSTAT3,IL-12,68.34359359741211,2227.411063059443
CD4+T cells,pS6,IL-2,47.39042091369629,491.82848146758727
pDCs,pP38,IFNb,21.02712869644165,218.0998155196092
CD1c+ B cells,pErk1/2,IFNa2,34.33161401748657,NaN
Neutrophils,Ki67,IFNg,10.349963665008545,59.983764377296254
CD8+T cells,pP38,LPS,13.825888633728027,48.948066493325186
B Cells,Ki67,TNFa,17.121724128723145,88.854387745914
Basophils,pZap70/Syk,IFNg,2.973907470703125,2.395536637853199
CD16+/CD11b-,pSTAT4,R848,11.784857034683228,45.24354531394897
CD16+/CD11b-,pMAPKAPK2,Ebola VLPs,12.835920810699463,21.344437015819942
CD1c+ B cells,pSTAT3,Ebola VLPs,55.56243419647217,NaN
B Cells,pS6,Anthrax,46.022186279296875,400.04182886992623
CD1c+ B cells,pSTAT5,IFNa2,26.406786918640137,NaN
CD1c+ B cells,pSTAT5,TNFa,18.905345916748047,NaN
Neutrophils,pSTAT6,GM-CSF,4.309946775436401,11.961590749180228
CD16+/CD11b+,pP38,IL-6,20.419495582580566,167.51196707702218
CD11b-/CD16-,pSTAT5,TNFa,17.498990058898926,153.9818162423834
B Cells,Ki67,R848,17.63170051574707,95.7946851194908
CD11b+/CD16-,pZap70/Syk,R848,6.261963844299316,10.743736023560787
CD16+/CD11b+,pMAPKAPK2,R848,22.648983001708984,82.65229470601032
Basophils,pErk1/2,IL-2,30.134201049804688,438.7466752815906
Basophils,pSTAT1,IFNg,26.342468738555908,198.37700554979057
CD4+/CD8+,pSTAT6,IFNg,5.5995917320251465,NaN
Neutrophils,pS6,LPS,48.56205749511719,643.4281422139778
CD16+/CD11b+,pSTAT4,CD40L,17.929161071777344,145.30949866384861
CD1c+ B cells,pErk1/2,IL-6,37.176833152770996,NaN
CD1c+ B cells,pCREB,Ebola VLPs,24.57254695892334,NaN
Basophils,pSTAT5,IFNb,46.77538871765137,328.5607825461889
CD16+/CD11b+,pS6,IL-6,85.56237411499023,2475.831595046689
CD4+T cells,pSTAT3,LPS,43.1368989944458,2344.7062438724
B Cells,pSTAT3,IL-2,43.52164363861084,2472.9277959916544
CD4+T cells,pP38,IFNg,14.067535400390625,54.889358040470036
CD4+/CD8+,pSTAT5,Ebola VLPs,18.01611566543579,NaN
Neutrophils,pSTAT1,PMAIono,34.715877532958984,411.98540785572857
pDCs,pSTAT6,PMAIono,8.363730669021606,56.13621665789493
Basophils,pP38,PMAIono,11.807331085205078,78.08854786309415
CD16+/CD11b+,IkBa,IFNg,6.600914239883423,13.815983378361317
CD11b+/CD16-,pSTAT3,Ebola VLPs,83.66550827026367,5335.238822599126
CD7+/HLA-DR-,IkBa,LPS,4.935716032981873,6.72055905757508
CD8+T cells,pTBK1,Basal,6.426540851593018,22.42216845976047
CD16+/CD11b+,pSTAT3,PMAIono,108.68564414978027,9961.814224335449
CD1c+ B cells,pZap70/Syk,LPS,6.509723722934723,NaN
CD11b-/CD16-,pS6,LPS,69.07733917236328,1214.215756033405
CD16+/CD11b+,IkBa,IL-12,5.8758591413497925,13.780063352689425
CD16+/CD11b-,pCREB,IFNb,40.16224670410156,413.90934290659317
CD4+/CD8+,pSTAT4,PMAIono,8.250903844833374,NaN
pDCs,Ki67,GM-CSF,27.594365119934082,NaN
CD11b-/CD16-,pMAPKAPK2,GM-CSF,12.874814987182617,29.386877131370067
CD7+/HLA-DR-,IkBa,IL-12,5.108728647232056,6.521573997517287
CD4+/CD8+,pCREB,IFNb,31.14936351776123,NaN
CD16+/CD11b+,Ki67,TNFa,24.440345764160156,305.00838447916715
CD11b-/CD16-,Ki67,IL-12,33.26605033874512,488.23115755588753
CD4+/CD8+,pSTAT6,Ebola VLPs,5.50258731842041,NaN
CD4+/CD8+,pSTAT1,Anthrax,39.210991859436035,NaN
CD8+T cells,p4E-BP1,IFNa2,6.710714101791382,3.7384906308940753
Basophils,pSTAT3,IFNb,56.90333366394043,4449.061819379352
CD4+/CD8+,pSTAT5,IFNb,45.39673900604248,NaN
Basophils,pSTAT1,IL-4,27.136173248291016,226.60614076271065
CD4+T cells,pTBK1,IL-12,7.4444639682769775,36.605197568230096
CD11b-/CD16-,pSTAT5,Basal,17.42912483215332,152.61378949536504
Basophils,Ki67,PMAIono,17.747610569000244,134.91055439303622
B Cells,pP38,IFNg,18.0431547164917,84.74235439802523
CD4+T cells,pMAPKAPK2,CD40L,5.804019927978516,7.710195417289208
pDCs,pMAPKAPK2,Anthrax,10.311487436294556,22.18977973704696
B Cells,pPLCg2,IL-6,6.60526967048645,10.58367130359389
CD4+T cells,pMAPKAPK2,Ebola VLPs,5.569575548171997,7.274644132924441
pDCs,pErk1/2,GM-CSF,61.54737663269043,NaN
CD11b+/CD16-,pTBK1,IFNb,12.26560354232788,99.8834799856801
CD16+/CD11b+,pMAPKAPK2,IL-12,14.77878475189209,41.46401413207422
CD1c+ B cells,p4E-BP1,Anthrax,35.94185733795166,NaN
CD8+T cells,pSTAT6,IL-12,4.128305077552795,12.033889302387026
CD11b-/CD16-,IkBa,LPS,6.5704474449157715,10.125662715511389
CD16+/CD11b+,pPLCg2,TNFa,15.671069383621216,129.2017792028265
B Cells,pCREB,IL-12,20.5578670501709,97.10370196862202
B Cells,pCREB,Anthrax,20.15856647491455,97.70010598618178
CD16+/CD11b-,pCREB,TNFa,51.44933319091797,533.5983093434478
B Cells,pMAPKAPK2,R848,6.823099374771118,9.347671729834811
CD11b-/CD16-,pPLCg2,TNFa,10.480257987976074,35.625054524881584
CD7+/HLA-DR-,pS6,CD40L,40.559913635253906,523.0080987825903
CD16+/CD11b+,p4E-BP1,IL-12,28.053011894226074,121.96814480070016
CD4+/CD8+,pMAPKAPK2,IL-12,9.373314380645752,NaN
CD8+T cells,pTBK1,LPS,6.486945033073425,25.25057744982937
pDCs,pP38,Ebola VLPs,21.377254009246826,172.82684150842798
CD4+/CD8+,Ki67,LPS,18.62088918685913,NaN
CD7+/HLA-DR-,Ki67,IFNg,11.31363582611084,43.65997827846656
CD7+/HLA-DR-,Ki67,LPS,11.488293170928955,50.88060697455091
CD16+/CD11b+,pCREB,GM-CSF,61.64945888519287,1003.6910100577946
CD1c+ B cells,pSTAT5,Ebola VLPs,20.057387351989746,NaN
Basophils,pSTAT5,Anthrax,27.951847076416016,197.66901554637576
CD11b+/CD16-,pSTAT1,IFNb,83.43661308288574,1936.126809049686
CD4+T cells,pSTAT4,GM-CSF,7.175811529159546,16.94195796161917
CD16+/CD11b+,pSTAT5,IL-4,23.863401412963867,378.5683078000467
CD7+/HLA-DR-,pSTAT3,PMAIono,61.63296031951904,3625.7689122612046
Basophils,pMAPKAPK2,IL-12,7.940869092941284,17.471226453843816
Basophils,pSTAT5,R848,25.360583305358887,136.29895787675295
CD11b+/CD16-,pSTAT3,IFNb,97.78235816955566,5251.570390537206
CD16+/CD11b-,pCREB,R848,55.29506587982178,678.1752232463228
CD8+T cells,pSTAT6,LPS,4.05447793006897,10.915940175391675
Basophils,pSTAT4,IL-6,9.486841678619385,27.081387599382634
CD4+T cells,p4E-BP1,IL-6,8.928199768066406,6.032069054633787
CD16+/CD11b+,p4E-BP1,Anthrax,30.162571907043457,105.3577038970277
CD4+T cells,pSTAT4,R848,7.208346962928772,16.700980138340903
pDCs,pCREB,GM-CSF,36.828697204589844,NaN
CD16+/CD11b+,pSTAT4,IL-6,17.691332817077637,147.7101457340774
pDCs,pSTAT4,IL-2,9.57789659500122,38.67293625664499
pDCs,pSTAT3,TNFa,71.48448181152344,3815.656225571661
Neutrophils,pErk1/2,CD40L,84.36952590942383,1791.5057705763484
CD16+/CD11b-,pP38,GM-CSF,24.1154842376709,169.14967701012782
CD16+/CD11b-,Ki67,GM-CSF,19.146735191345215,181.06612648925395
CD11b-/CD16-,pSTAT6,IFNg,9.342265129089355,40.364384700089204
CD16+/CD11b+,pSTAT4,R848,15.342230319976807,100.6019516339862
CD1c+ B cells,IkBa,IL-12,11.435641407966614,NaN
CD4+T cells,pSTAT3,TNFa,44.50933361053467,2341.8891446534512
CD4+/CD8+,Ki67,IL-2,19.767348289489746,NaN
CD16+/CD11b+,pMAPKAPK2,Ebola VLPs,15.382129192352295,41.655624417143336
CD16+/CD11b-,pZap70/Syk,IL-6,6.687514305114746,9.557836446551477
CD4+T cells,p4E-BP1,IL-2,9.278092622756958,6.1680760806945845
CD8+T cells,pSTAT3,LPS,49.17239856719971,2449.238789405296
B Cells,pS6,IFNg,44.73308563232422,335.00744569505997
CD11b-/CD16-,IkBa,IL-12,9.67955994606018,30.88144615465696
CD11b+/CD16-,pTBK1,PMAIono,12.346418857574463,100.30469176341734
Basophils,pZap70/Syk,LPS,2.9648956060409546,2.496034303388166
CD4+T cells,pPLCg2,R848,5.487902998924255,9.746318448716373
CD4+/CD8+,IkBa,IFNa2,6.02991795539856,NaN
CD16+/CD11b+,p4E-BP1,IL-4,29.44429588317871,97.10250339464552
CD11b-/CD16-,Ki67,Ebola VLPs,34.05057144165039,488.1013458226295
CD1c+ B cells,pMAPKAPK2,IL-6,8.35342013835907,NaN
Neutrophils,pCREB,Ebola VLPs,23.605521202087402,117.32848453628418
CD4+T cells,pCREB,CD40L,17.83654022216797,76.91974493683443
CD8+T cells,pP38,PMAIono,14.674604654312134,61.65539390605187
Basophils,pSTAT6,R848,6.504994630813599,21.48785140574687
CD1c+ B cells,pSTAT1,GM-CSF,11.397736072540283,NaN
CD16+/CD11b-,pCREB,GM-CSF,54.57200813293457,612.2727834744527
Neutrophils,pPLCg2,Ebola VLPs,7.224703788757324,15.926386653939664
Neutrophils,p4E-BP1,GM-CSF,6.747603893280029,6.155661408776134
CD1c+ B cells,pCREB,IFNb,26.760726928710938,NaN
Neutrophils,pPLCg2,IL-6,7.090918660163879,16.10963037174435
CD8+T cells,p4E-BP1,CD40L,7.039424896240234,3.8075026236095604
CD1c+ B cells,pSTAT5,Anthrax,20.706552028656006,NaN
CD4+/CD8+,pSTAT4,IL-12,8.72005581855774,NaN
B Cells,pP38,Anthrax,17.329614639282227,88.6012270754269
CD7+/HLA-DR-,p4E-BP1,IFNa2,6.143461346626282,4.2255732004657895
CD4+/CD8+,pS6,IL-2,83.00090789794922,NaN
CD1c+ B cells,pP38,GM-CSF,25.202228546142578,NaN
B Cells,pMAPKAPK2,IL-2,6.69736909866333,9.720188683607567
CD4+/CD8+,pSTAT6,Basal,5.655910611152649,NaN
CD11b-/CD16-,pSTAT3,Basal,59.558505058288574,3108.4679298094215
CD11b+/CD16-,pMAPKAPK2,GM-CSF,17.46721315383911,41.20144066160393
CD16+/CD11b-,IkBa,IFNa2,4.92970335483551,4.837605869185513
pDCs,pSTAT3,IL-6,77.42517280578613,2697.7373186672376
CD16+/CD11b+,pErk1/2,PMAIono,97.9224796295166,3087.6048681162797
CD11b-/CD16-,pSTAT3,IFNb,69.81637573242188,3484.1600249162643
CD1c+ B cells,pTBK1,PMAIono,19.760181427001953,NaN
CD7+/HLA-DR-,pP38,IL-2,12.312865972518921,52.43771619251676
Neutrophils,pZap70/Syk,Ebola VLPs,8.164424896240234,6.399241762674169
CD11b-/CD16-,pS6,R848,74.15477561950684,1360.4396674908162
CD4+/CD8+,pMAPKAPK2,Ebola VLPs,8.515806913375854,NaN
CD4+/CD8+,pP38,TNFa,22.257034301757812,NaN
CD11b-/CD16-,pSTAT3,IL-12,64.35153388977051,3471.1900482940773
CD16+/CD11b+,pMAPKAPK2,IL-6,15.397531032562256,41.059731209988314
pDCs,pCREB,Anthrax,28.793431758880615,211.980243284128
CD1c+ B cells,p4E-BP1,Ebola VLPs,34.598052978515625,NaN
CD11b+/CD16-,IkBa,IL-6,8.247341871261597,19.240168647813906
